Заголовок;days;price
Kia Rio IV 1.4 AT;1;https://www.avtomaxi.ru/upload/resize_cache/iblock/431/498_374_1/431147b42a64af9b5b273c27d64e19f7.JPG
Kia Rio IV 1.4 AT;2;https://www.avtomaxi.ru/upload/resize_cache/iblock/5f0/498_374_1/5f02bd11e9ef476883eedb0457ad1361.JPG
Kia Rio IV 1.4 AT;3;https://www.avtomaxi.ru/upload/resize_cache/iblock/8ed/498_374_1/8ed41f108a80f632ffb39cae70e087f5.JPG
Kia Rio IV 1.4 AT;4;https://www.avtomaxi.ru/upload/resize_cache/iblock/cd1/498_374_1/cd1fecdf40b96c2edb47f75bada9afef.JPG
Kia Rio IV 1.4 AT;5;https://www.avtomaxi.ru/upload/resize_cache/iblock/415/498_374_1/4153a0523ab1b962cdd23501875b336b.JPG
Kia Rio IV 1.4 AT;6;https://www.avtomaxi.ru/upload/resize_cache/iblock/1ba/498_374_1/1bac96af673feae3f98887056a462459.JPG
Kia Rio IV 1.4 AT;7;https://www.avtomaxi.ru/upload/resize_cache/iblock/8c4/498_374_1/8c4f89cd9068db64c4972d06674ce3c2.JPG
Kia Rio IV 1.4 AT;8;https://www.avtomaxi.ru/upload/resize_cache/iblock/039/498_374_1/03964bb8cfd000173ecc71ad2e38776b.JPG
Kia Rio IV 1.4 AT;9;https://www.avtomaxi.ru/upload/resize_cache/iblock/871/498_374_1/871fddae50ccf2b1db02a9b755539e02.JPG
Kia Rio IV 1.4 AT;10;https://www.avtomaxi.ru/upload/resize_cache/iblock/0d0/498_374_1/0d0989ed0ffb6e8fab7c0d9e1f874085.JPG
Kia Rio IV 1.6 AT Luxe;1;https://www.avtomaxi.ru/upload/resize_cache/iblock/1a9/498_374_1/1a9ad36c4d174ead5409461433fc6892.JPG
Kia Rio IV 1.6 AT Luxe;2;https://www.avtomaxi.ru/upload/resize_cache/iblock/e77/498_374_1/e77204c05015b8dd763a2ee389137ded.JPG
Kia Rio IV 1.6 AT Luxe;3;https://www.avtomaxi.ru/upload/resize_cache/iblock/165/498_374_1/165af9bee2a48c6dc47d62567649acf7.JPG
Kia Rio IV 1.6 AT Luxe;4;https://www.avtomaxi.ru/upload/resize_cache/iblock/2e1/498_374_1/2e15da1e311c14d4f38bed658cc3a0fe.JPG
Kia Rio IV 1.6 AT Luxe;5;https://www.avtomaxi.ru/upload/resize_cache/iblock/5d6/498_374_1/5d6231a601a507cdbb93290e0487a5ae.JPG
Kia Rio IV 1.6 AT Luxe;6;https://www.avtomaxi.ru/upload/resize_cache/iblock/445/498_374_1/445c69ef9829e935485fb1dc24d4387b.JPG
Kia Rio IV 1.6 AT Luxe;7;https://www.avtomaxi.ru/upload/resize_cache/iblock/d9c/498_374_1/d9c0bb00aa32df318da6db5d71914910.JPG
Kia Rio IV 1.6 AT Luxe;8;https://www.avtomaxi.ru/upload/resize_cache/iblock/288/498_374_1/288f43503edb77adb9fdb5abb86c76ca.JPG
Kia Rio IV 1.6 AT Luxe;9;https://www.avtomaxi.ru/upload/resize_cache/iblock/ade/498_374_1/ade04287333d24ff29a971bbcf3fb393.JPG
Kia Rio IV 1.6 AT Luxe;10;https://www.avtomaxi.ru/upload/resize_cache/iblock/f25/498_374_1/f252907476a55ce7ecacd2c9800ed7d9.JPG
Volkswagen Polo sedan AT;1;https://www.avtomaxi.ru/upload/resize_cache/iblock/408/498_374_1/408873db406d5e8fe1bc02a4c4ddb87f.jpg
Volkswagen Polo sedan AT;2;https://www.avtomaxi.ru/upload/resize_cache/iblock/f2e/498_374_1/f2eddfc34eb5f01809089946dd3fb767.JPG
Volkswagen Polo sedan AT;3;https://www.avtomaxi.ru/upload/resize_cache/iblock/be6/498_374_1/be635815f5b663e5cefabe0617964923.jpg
Volkswagen Polo sedan AT;4;https://www.avtomaxi.ru/upload/resize_cache/iblock/c2c/498_374_1/c2ca7ec5e14c2a376793b1d4d7c41236.JPG
Volkswagen Polo sedan AT;5;https://www.avtomaxi.ru/upload/resize_cache/iblock/44b/498_374_1/44be90198c029c6ab63126054c941d29.JPG
Volkswagen Polo sedan AT;6;https://www.avtomaxi.ru/upload/resize_cache/iblock/d50/498_374_1/d50a5d55a507ed4d7a1df560c928f7ec.JPG
Volkswagen Polo sedan AT;7;https://www.avtomaxi.ru/upload/resize_cache/iblock/c2c/498_374_1/c2c47d0207504c081375fa8be10a544e.JPG
Volkswagen Polo sedan AT;8;https://www.avtomaxi.ru/upload/resize_cache/iblock/fa5/498_374_1/fa54eb9ead1a460f518d0b07d760e2ce.JPG
Volkswagen Polo sedan AT;9;https://www.avtomaxi.ru/upload/resize_cache/iblock/45c/498_374_1/45c39320fbfdfd7abdb10fbbd0a71754.JPG
Hyundai Solaris II 1.6 AT;1;https://www.avtomaxi.ru/upload/resize_cache/iblock/dd9/498_374_1/dd989d96222cb1cd5e0178ce1e12e6a0.JPG
Hyundai Solaris II 1.6 AT;2;https://www.avtomaxi.ru/upload/resize_cache/iblock/7ba/498_374_1/7bad355b07ad425a719e03eed0c62469.JPG
Hyundai Solaris II 1.6 AT;3;https://www.avtomaxi.ru/upload/resize_cache/iblock/244/498_374_1/244a62ed28c53fa1ae1894b1d58d6724.jpg
Hyundai Solaris II 1.6 AT;4;https://www.avtomaxi.ru/upload/resize_cache/iblock/66b/498_374_1/66be3a92a8e353c7acaacecce1b64e5a.JPG
Hyundai Solaris II 1.6 AT;5;https://www.avtomaxi.ru/upload/resize_cache/iblock/1bd/498_374_1/1bdd50d110186b054ac5f84c9a684783.JPG
Hyundai Solaris II 1.6 AT;6;https://www.avtomaxi.ru/upload/resize_cache/iblock/959/498_374_1/959f8bfd92e3722b04dd3b4ce4fd612a.JPG
Hyundai Solaris II 1.6 AT;7;https://www.avtomaxi.ru/upload/resize_cache/iblock/1b2/498_374_1/1b2583a090ebe09c07bb53db3cb4f40b.JPG
Hyundai Solaris II 1.6 AT;8;https://www.avtomaxi.ru/upload/resize_cache/iblock/818/498_374_1/818e0a5c47256367c1c1d6a59861511d.JPG
Hyundai Solaris II 1.6 AT;9;https://www.avtomaxi.ru/upload/resize_cache/iblock/abd/498_374_1/abde01b5b8c84031abf851ed5711db21.JPG
Hyundai Solaris II 1.6 AT;10;https://www.avtomaxi.ru/upload/resize_cache/iblock/cbf/498_374_1/cbf9d379e9246d20e38292d7646c6de2.JPG
Hyundai Solaris II 1.6 AT;11;https://www.avtomaxi.ru/upload/resize_cache/iblock/bf1/498_374_1/bf12e405df363b92ccc1bcdd166f2f57.JPG
Hyundai Solaris II 1.6 AT;12;https://www.avtomaxi.ru/upload/resize_cache/iblock/4a4/498_374_1/4a4b48db54b476d4ed181b17ed51d42e.JPG
Skoda Rapid AT;1;https://www.avtomaxi.ru/upload/resize_cache/iblock/60e/498_374_1/60e49a434fb253565ffa154326ce1be1.jpg
Skoda Rapid AT;2;https://www.avtomaxi.ru/upload/resize_cache/iblock/c6f/498_374_1/c6f047e588589669cb370d1a7c5f935a.JPG
Skoda Rapid AT;3;https://www.avtomaxi.ru/upload/resize_cache/iblock/057/498_374_1/057960ec2c4a5663a240dc3a0a45c1d1.jpg
Skoda Rapid AT;4;https://www.avtomaxi.ru/upload/resize_cache/iblock/b3e/498_374_1/b3ea6dd361524352a467a30dafc85dcc.JPG
Skoda Rapid AT;5;https://www.avtomaxi.ru/upload/resize_cache/iblock/17f/498_374_1/17fa2704ba96ee2714b75b92bb37ede2.jpg
Skoda Rapid AT;6;https://www.avtomaxi.ru/upload/resize_cache/iblock/da2/498_374_1/photo4-2.jpg
Skoda Rapid AT;7;https://www.avtomaxi.ru/upload/resize_cache/iblock/434/498_374_1/4345a41f4b7a91d20690f834485209f8.JPG
Skoda Rapid AT;8;https://www.avtomaxi.ru/upload/resize_cache/iblock/497/498_374_1/4979e7f26df79cdb2b2408657b934caf.JPG
Skoda Rapid AT;9;https://www.avtomaxi.ru/upload/resize_cache/iblock/840/498_374_1/840d24224d36a384ccafb82649101b0f.JPG
Hyundai Solaris II 1.6 rest.2021;1;https://www.avtomaxi.ru/upload/resize_cache/iblock/25c/498_374_1/25c6d8fe67a8c08cb84e4bb328540d14.JPG
Hyundai Solaris II 1.6 rest.2021;2;https://www.avtomaxi.ru/upload/resize_cache/iblock/5a6/498_374_1/5a67e9c03b0472fdc57fe6c0cc2db777.JPG
Hyundai Solaris II 1.6 rest.2021;3;https://www.avtomaxi.ru/upload/resize_cache/iblock/04a/498_374_1/04a44a3d077de5f66f3746347f226edc.JPG
Hyundai Solaris II 1.6 rest.2021;4;https://www.avtomaxi.ru/upload/resize_cache/iblock/571/498_374_1/5716eaa93af889e572e05000632ba1a9.JPG
Hyundai Solaris II 1.6 rest.2021;5;https://www.avtomaxi.ru/upload/resize_cache/iblock/ea5/498_374_1/ea59e4d86a660c074bb4c5e2bde41c3f.JPG
Hyundai Solaris II 1.6 rest.2021;6;https://www.avtomaxi.ru/upload/resize_cache/iblock/126/498_374_1/1268a323eae057cea1e70d5dd4eb2eb0.JPG
Hyundai Solaris II 1.6 rest.2021;7;https://www.avtomaxi.ru/upload/resize_cache/iblock/75e/498_374_1/75ead92d5cceb4a25fc57088ffef66a6.JPG
Hyundai Solaris II 1.6 rest.2021;8;https://www.avtomaxi.ru/upload/resize_cache/iblock/9da/498_374_1/9da09b5440d3f060d8328855ce7cbd0c.JPG
Hyundai Solaris II 1.6 rest.2021;9;https://www.avtomaxi.ru/upload/resize_cache/iblock/fa4/498_374_1/fa466ba4ab4107366432c5ab96edd431.JPG
Hyundai Solaris II 1.6 rest.2021;10;https://www.avtomaxi.ru/upload/resize_cache/iblock/e75/498_374_1/e75fab10d7d9a6e642d6edb48e16071b.JPG
Volkswagen Polo лифтбек 2020;1;https://www.avtomaxi.ru/upload/resize_cache/iblock/13d/498_374_1/13ddf46f347257ba7cd693fceab9f343.JPG
Volkswagen Polo лифтбек 2020;2;https://www.avtomaxi.ru/upload/resize_cache/iblock/dc3/498_374_1/dc32cc0b589523afe1ea1fe41063b82a.JPG
Volkswagen Polo лифтбек 2020;3;https://www.avtomaxi.ru/upload/resize_cache/iblock/aac/498_374_1/aac7cf2d47c8ba5e308f4e4891a87c2d.JPG
Volkswagen Polo лифтбек 2020;4;https://www.avtomaxi.ru/upload/resize_cache/iblock/492/498_374_1/492ca1ca1774f408db9fc54972e2c665.JPG
Volkswagen Polo лифтбек 2020;5;https://www.avtomaxi.ru/upload/resize_cache/iblock/6e4/498_374_1/6e4a772b97c7efe2eb0a487eb6d2660f.JPG
Volkswagen Polo лифтбек 2020;6;https://www.avtomaxi.ru/upload/resize_cache/iblock/12a/498_374_1/12ae095eec0d44c36da51aa6a4b2dea8.JPG
Volkswagen Polo лифтбек 2020;7;https://www.avtomaxi.ru/upload/resize_cache/iblock/d36/498_374_1/d36946be998684d1e679f929ba400e2a.JPG
Volkswagen Polo лифтбек 2020;8;https://www.avtomaxi.ru/upload/resize_cache/iblock/981/498_374_1/981861359ba5df1420ec021a3ba14454.JPG
Volkswagen Polo лифтбек 2020;9;https://www.avtomaxi.ru/upload/resize_cache/iblock/6ea/498_374_1/6eaf1e4bc1c1a0cac5ad528731b2b5b6.JPG
Volkswagen Polo лифтбек 2020;10;https://www.avtomaxi.ru/upload/resize_cache/iblock/96c/498_374_1/96cb8d86ddb0764a4eb659d3a97fd5aa.JPG
Volkswagen Polo лифтбек 2020;11;https://www.avtomaxi.ru/upload/resize_cache/iblock/b26/498_374_1/b26c69f273c600d573e5b50dafa27398.JPG
Volkswagen Polo лифтбек 2020;12;https://www.avtomaxi.ru/upload/resize_cache/iblock/d9b/498_374_1/d9b23fac8fdcea7088e0ec90cca62e19.jpeg
Hyundai Solaris II 1.6 Comfort rest.2020;1;https://www.avtomaxi.ru/upload/resize_cache/iblock/f05/498_374_1/f057040faf2a939b99acc71de3ca6d69.JPG
Hyundai Solaris II 1.6 Comfort rest.2020;2;https://www.avtomaxi.ru/upload/resize_cache/iblock/feb/498_374_1/febbefa178d45ee7602e3e380cb98de5.JPG
Hyundai Solaris II 1.6 Comfort rest.2020;3;https://www.avtomaxi.ru/upload/resize_cache/iblock/f03/498_374_1/f0370436fada18032307e92ac6ffe555.JPG
Hyundai Solaris II 1.6 Comfort rest.2020;4;https://www.avtomaxi.ru/upload/resize_cache/iblock/c25/498_374_1/c258c4aa9484eaa33b37ecbd86f77cc7.JPG
Hyundai Solaris II 1.6 Comfort rest.2020;5;https://www.avtomaxi.ru/upload/resize_cache/iblock/f53/498_374_1/f530690dea4a6194fae916b18fe05fcd.JPG
Hyundai Solaris II 1.6 Comfort rest.2020;6;https://www.avtomaxi.ru/upload/resize_cache/iblock/511/498_374_1/5117a516f6186717797ea2c81ceb9abd.JPG
Hyundai Solaris II 1.6 Comfort rest.2020;7;https://www.avtomaxi.ru/upload/resize_cache/iblock/102/498_374_1/10263f46a3c6803430941ddc3b9df710.JPG
Hyundai Solaris II 1.6 Comfort rest.2020;8;https://www.avtomaxi.ru/upload/resize_cache/iblock/2c4/498_374_1/2c4841e10981e2e74852a590a2a0f3c9.JPG
Hyundai Solaris II 1.6 Comfort rest.2020;9;https://www.avtomaxi.ru/upload/resize_cache/iblock/402/498_374_1/402c4369b52768712dd8e5c3849f59b0.JPG
Hyundai Solaris II 1.6 Comfort rest.2020;10;https://www.avtomaxi.ru/upload/resize_cache/iblock/125/498_374_1/125f2b0c65db3c29e1eede7c83a9f4b9.JPG
Hyundai Solaris II 1.6 Comfort rest.2020;11;https://www.avtomaxi.ru/upload/resize_cache/iblock/8e9/498_374_1/8e97016555700cc091d3bb8fe30c24f1.JPG
Hyundai Solaris II 1.6 Comfort rest.2020;12;https://www.avtomaxi.ru/upload/resize_cache/iblock/9cd/498_374_1/9cd3303c91295354bc5cc5bd60603a8c.JPG
Hyundai Solaris II 1.6 Comfort rest.2020;13;https://www.avtomaxi.ru/upload/resize_cache/iblock/ace/498_374_1/ace8dd2c673bcaf7259c6213b0c1d42c.JPG
Kia Rio IV 1.6  Style rest.;1;https://www.avtomaxi.ru/upload/resize_cache/iblock/44f/498_374_1/44fb5893cca3d0c3f45b5ab98995d70b.JPG
Kia Rio IV 1.6  Style rest.;2;https://www.avtomaxi.ru/upload/resize_cache/iblock/e8c/498_374_1/e8cb7ec6e64d60aff7f58a40b2d04070.JPG
Kia Rio IV 1.6  Style rest.;3;https://www.avtomaxi.ru/upload/resize_cache/iblock/a99/498_374_1/a990ddb36d301fae342873c8b564fb68.JPG
Kia Rio IV 1.6  Style rest.;4;https://www.avtomaxi.ru/upload/resize_cache/iblock/ccc/498_374_1/cccb9f8ac09506ab250d764c320b233f.JPG
Kia Rio IV 1.6  Style rest.;5;https://www.avtomaxi.ru/upload/resize_cache/iblock/7fd/498_374_1/7fd6dd609b1fb8319cb3373603800de2.JPG
Kia Rio IV 1.6  Style rest.;6;https://www.avtomaxi.ru/upload/resize_cache/iblock/1d6/498_374_1/1d670db1ce214a0fc1d585f4d8483f53.JPG
Kia Rio IV 1.6  Style rest.;7;https://www.avtomaxi.ru/upload/resize_cache/iblock/937/498_374_1/9379259d2870fe9cf657bcfeb49e80b7.JPG
Kia Rio IV 1.6  Style rest.;8;https://www.avtomaxi.ru/upload/resize_cache/iblock/9fa/498_374_1/9fa1daef0bb6b7e533032971a9f646ab.JPG
Kia Rio IV 1.6  Style rest.;9;https://www.avtomaxi.ru/upload/resize_cache/iblock/fac/498_374_1/fac6d623b19babeb56c8e8f445302c29.JPG
Kia Rio IV 1.6  Style rest.;10;https://www.avtomaxi.ru/upload/resize_cache/iblock/b02/498_374_1/b02758db5f6506c6b37fd4ac3923a421.JPG
Kia Rio IV 1.6  Style rest.;11;https://www.avtomaxi.ru/upload/resize_cache/iblock/dec/498_374_1/dec4b42f2ddd098cd39a8e052719863f.JPG
Kia Rio IV 1.6  Style rest.;12;https://www.avtomaxi.ru/upload/resize_cache/iblock/0e6/498_374_1/0e65487a668208079d61622a83857366.JPG
Kia Rio X Luxe rest.2021;1;https://www.avtomaxi.ru/upload/resize_cache/iblock/ea4/498_374_1/ea4abe4672ed0aa08c53c6adad3e907f.JPG
Kia Rio X Luxe rest.2021;2;https://www.avtomaxi.ru/upload/resize_cache/iblock/4ae/498_374_1/4ae05812ed4620e509efc70b88831369.JPG
Kia Rio X Luxe rest.2021;3;https://www.avtomaxi.ru/upload/resize_cache/iblock/1d4/498_374_1/1d4047daed3c06af1f2f17d7fe8615cb.JPG
Kia Rio X Luxe rest.2021;4;https://www.avtomaxi.ru/upload/resize_cache/iblock/efc/498_374_1/efcc4b2bf3dda7f89e088b202348e75a.JPG
Kia Rio X Luxe rest.2021;5;https://www.avtomaxi.ru/upload/resize_cache/iblock/6e7/498_374_1/6e7afedcd74f38c9397ba9bcf0973cec.JPG
Kia Rio X Luxe rest.2021;6;https://www.avtomaxi.ru/upload/resize_cache/iblock/79c/498_374_1/79c81637fe1ada37bb3385cdffcc9877.JPG
Kia Rio X Luxe rest.2021;7;https://www.avtomaxi.ru/upload/resize_cache/iblock/d1e/498_374_1/d1e15825978d526322492696c2b5c611.JPG
Kia Rio X Luxe rest.2021;8;https://www.avtomaxi.ru/upload/resize_cache/iblock/d6e/498_374_1/d6e6cd0d3a2de3a98b3c62b207211b8e.JPG
Kia Rio X Luxe rest.2021;9;https://www.avtomaxi.ru/upload/resize_cache/iblock/42a/498_374_1/42a145c8a9561e94c21e1eaaa6cc7a42.JPG
Kia Rio X Luxe rest.2021;10;https://www.avtomaxi.ru/upload/resize_cache/iblock/960/498_374_1/96058317cec85791fc2d9fa262452f05.JPG
Kia Rio X Luxe rest.2021;11;https://www.avtomaxi.ru/upload/resize_cache/iblock/01d/498_374_1/01d14a87c0b2dccbf30711792398f0a8.JPG
Kia Rio X Luxe rest.2021;12;https://www.avtomaxi.ru/upload/resize_cache/iblock/9da/498_374_1/9da15ca9af98e5115fdff560277b70b9.JPG
Kia Rio X Luxe rest.2021;13;https://www.avtomaxi.ru/upload/resize_cache/iblock/ff8/498_374_1/ff811000de5ce0f647d27a9a1f742454.JPG
Kia Rio X Luxe rest.2021;14;https://www.avtomaxi.ru/upload/resize_cache/iblock/fe5/498_374_1/fe5a0a676a8d88942173cbc262ef4621.JPG
Kia Rio X Luxe rest.2021;15;https://www.avtomaxi.ru/upload/resize_cache/iblock/024/498_374_1/024cbcc038855c422b40505ce330e518.JPG
Kia Soul AT;1;https://www.avtomaxi.ru/upload/resize_cache/iblock/149/498_374_1/149937123547053c8e936032800deadc.jpeg
Kia Soul AT;2;https://www.avtomaxi.ru/upload/resize_cache/iblock/20e/498_374_1/20e4a36ac87327013d1460f26cd09d6b.jpeg
Kia Soul AT;3;https://www.avtomaxi.ru/upload/resize_cache/iblock/e21/498_374_1/e21ececb81b8db4001486907640d1ee4.jpeg
Kia Soul AT;4;https://www.avtomaxi.ru/upload/resize_cache/iblock/f1e/498_374_1/f1e281262cad9f37f9b3fa239ee1d517.jpeg
Kia Soul AT;5;https://www.avtomaxi.ru/upload/resize_cache/iblock/59b/498_374_1/59b3fe5623f79cab77ef51a20c989c2d.jpeg
Kia Ceed III;1;https://www.avtomaxi.ru/upload/resize_cache/iblock/36a/498_374_1/36a7aba2bc780d1ddfbbb6d40104f9f1.JPG
Kia Ceed III;2;https://www.avtomaxi.ru/upload/resize_cache/iblock/a8e/498_374_1/a8e2e5146aeaed375c80cb42779d3a49.JPG
Kia Ceed III;3;https://www.avtomaxi.ru/upload/resize_cache/iblock/124/498_374_1/12404df9a18e2594c564bbafc30d5e63.JPG
Kia Ceed III;4;https://www.avtomaxi.ru/upload/resize_cache/iblock/166/498_374_1/166cab1c02527806231a82f97f4985b1.JPG
Kia Ceed III;5;https://www.avtomaxi.ru/upload/resize_cache/iblock/7f4/498_374_1/7f4204a0c98a9e343edd62883bad9759.JPG
Kia Ceed III;6;https://www.avtomaxi.ru/upload/resize_cache/iblock/26c/498_374_1/26c2bc600ab3b56fb4b1c832b02c99a1.JPG
Kia Ceed III;7;https://www.avtomaxi.ru/upload/resize_cache/iblock/688/498_374_1/688c01f46d140969c649b719d38f0bd2.JPG
Kia Ceed III;8;https://www.avtomaxi.ru/upload/resize_cache/iblock/b54/498_374_1/b5495d5f6bd82afa9f3a00db82c201f9.JPG
Kia Ceed III;9;https://www.avtomaxi.ru/upload/resize_cache/iblock/630/498_374_1/63024da43b09a9551f7ae841f3373d19.JPG
Kia Ceed III;10;https://www.avtomaxi.ru/upload/resize_cache/iblock/ca0/498_374_1/ca0dc4b952c4aab39f67180e755b0dd3.JPG
Kia Ceed III;11;https://www.avtomaxi.ru/upload/resize_cache/iblock/e02/498_374_1/e0217634b86a604e51790472798b26de.JPG
Kia Ceed III;12;https://www.avtomaxi.ru/upload/resize_cache/iblock/650/498_374_1/65018cd9058221c89cb548f91292170b.JPG
Skoda Octavia III restyling;1;https://www.avtomaxi.ru/upload/resize_cache/iblock/885/498_374_1/88509155fbb624479488d1c4c62764d7.jpg
Skoda Octavia III restyling;2;https://www.avtomaxi.ru/upload/resize_cache/iblock/41c/498_374_1/41c7652cc8266dd453622ab7d09cba0f.JPG
Skoda Octavia III restyling;3;https://www.avtomaxi.ru/upload/resize_cache/iblock/dfe/498_374_1/dfedc84184d8b0c9d4cdcdbd93af3cdf.JPG
Skoda Octavia III restyling;4;https://www.avtomaxi.ru/upload/resize_cache/iblock/6cd/498_374_1/6cd0f5e3b7c14412ce44ca50710a9a3c.JPG
Skoda Octavia III restyling;5;https://www.avtomaxi.ru/upload/resize_cache/iblock/206/498_374_1/20630fa39f63f409a018a97f40ff9cea.jpg
Skoda Octavia III restyling;6;https://www.avtomaxi.ru/upload/resize_cache/iblock/30b/498_374_1/30bb5a225aaccd69d57c3aeef99ed46c.JPG
Skoda Octavia III restyling;7;https://www.avtomaxi.ru/upload/resize_cache/iblock/7e3/498_374_1/7e3efd5a127996fd1b7da2a7846569cd.JPG
Skoda Octavia III restyling;8;https://www.avtomaxi.ru/upload/resize_cache/iblock/895/498_374_1/89530f4a470d65220124a73a3193f26b.JPG
Skoda Octavia III restyling;9;https://www.avtomaxi.ru/upload/resize_cache/iblock/885/498_374_1/88518347884067bf725ef0cb5775b7e9.JPG
Hyundai Creta AT;1;https://www.avtomaxi.ru/upload/resize_cache/iblock/c6c/498_374_1/c6c32fe9d6ab70fcfeb141513d677b88.jpg
Hyundai Creta AT;2;https://www.avtomaxi.ru/upload/resize_cache/iblock/2e2/498_374_1/2e28bcab2803e31b815053b414a614b1.JPG
Hyundai Creta AT;3;https://www.avtomaxi.ru/upload/resize_cache/iblock/56a/498_374_1/56a44db67b21b9d074cb1b1e61ad9aa8.jpg
Hyundai Creta AT;4;https://www.avtomaxi.ru/upload/resize_cache/iblock/49d/498_374_1/49dcfe5ee789d5de5c828da4f867e31d.JPG
Hyundai Creta AT;5;https://www.avtomaxi.ru/upload/resize_cache/iblock/1ce/498_374_1/1ce3c0506c9568545abbfe5781d32727.JPG
Hyundai Creta AT;6;https://www.avtomaxi.ru/upload/resize_cache/iblock/6f6/498_374_1/6f67d00ef209aaac0915269aa521128a.JPG
Hyundai Creta AT;7;https://www.avtomaxi.ru/upload/resize_cache/iblock/f44/498_374_1/f4482efcfe4be95d324df8bcae07fcae.JPG
Hyundai Creta AT;8;https://www.avtomaxi.ru/upload/resize_cache/iblock/de8/498_374_1/de808b9c2e00126d0c868094dc7f2720.JPG
Hyundai Creta AT;9;https://www.avtomaxi.ru/upload/resize_cache/iblock/c45/498_374_1/c45339853f764a562850bfdfe83cde55.JPG
Hyundai Creta AT;10;https://www.avtomaxi.ru/upload/resize_cache/iblock/bad/498_374_1/bad9ad5a2af938016c63d5661945e31c.JPG
Hyundai Creta AT;11;https://www.avtomaxi.ru/upload/resize_cache/iblock/436/498_374_1/436665bdb80decf74f0e04a8f9eabad8.JPG
Hyundai Creta AT;12;https://www.avtomaxi.ru/upload/resize_cache/iblock/d9e/498_374_1/d9eaaf273e2e284120c008ee4de13e76.JPG
Skoda Octavia III rest. 2020;1;https://www.avtomaxi.ru/upload/resize_cache/iblock/6c7/498_374_1/6c7d1d2cf78690bf1f3af16a30dc9bdc.jpg
Skoda Octavia III rest. 2020;2;https://www.avtomaxi.ru/upload/resize_cache/iblock/38e/498_374_1/38eb5d1be1d0128c095e3baa73aaacc3.JPG
Skoda Octavia III rest. 2020;3;https://www.avtomaxi.ru/upload/resize_cache/iblock/374/498_374_1/374678933ebcad59aa767d42e2ecc6fa.JPG
Skoda Octavia III rest. 2020;4;https://www.avtomaxi.ru/upload/resize_cache/iblock/373/498_374_1/3732fa9286d546190caca71877d84965.JPG
Skoda Octavia III rest. 2020;5;https://www.avtomaxi.ru/upload/resize_cache/iblock/b01/498_374_1/b0128491ac406ee55aa1261f803add78.jpg
Skoda Octavia III rest. 2020;6;https://www.avtomaxi.ru/upload/resize_cache/iblock/4a6/498_374_1/4a6bab21d581ce8dc673d2905cdf7f36.JPG
Skoda Octavia III rest. 2020;7;https://www.avtomaxi.ru/upload/resize_cache/iblock/20a/498_374_1/20a5045302778a794189751a3b9afdc5.JPG
Skoda Octavia III rest. 2020;8;https://www.avtomaxi.ru/upload/resize_cache/iblock/91d/498_374_1/91dae59fae455097951f40af192b6b95.JPG
Skoda Octavia III rest. 2020;9;https://www.avtomaxi.ru/upload/resize_cache/iblock/95c/498_374_1/95ca054d3118a628a9d3cc807ccf304d.JPG
Renault Arkana 2021;1;https://www.avtomaxi.ru/upload/resize_cache/iblock/f13/498_374_1/f132702c84a82d1c5fe62440aec27725.JPG
Renault Arkana 2021;2;https://www.avtomaxi.ru/upload/resize_cache/iblock/110/498_374_1/11030e09ac0b689f90e6c9d86a7075d7.JPG
Renault Arkana 2021;3;https://www.avtomaxi.ru/upload/resize_cache/iblock/4da/498_374_1/4dade38b9e957715155c7f7e0e70499e.JPG
Renault Arkana 2021;4;https://www.avtomaxi.ru/upload/resize_cache/iblock/31c/498_374_1/31c688682e68ccfc62faf5a7688ae082.JPG
Renault Arkana 2021;5;https://www.avtomaxi.ru/upload/resize_cache/iblock/b95/498_374_1/b95dadd5ac9703f41266adb3697577cd.JPG
Renault Arkana 2021;6;https://www.avtomaxi.ru/upload/resize_cache/iblock/a5d/498_374_1/a5d4fb3a46644b27c5c8b7c5f416f2f1.JPG
Renault Arkana 2021;7;https://www.avtomaxi.ru/upload/resize_cache/iblock/f78/498_374_1/f78de0f6d2513a3dab44ab2f7adc6ada.JPG
Renault Arkana 2021;8;https://www.avtomaxi.ru/upload/resize_cache/iblock/32b/498_374_1/32bd267178da88706df585b2f5853915.JPG
Renault Arkana 2021;9;https://www.avtomaxi.ru/upload/resize_cache/iblock/bc9/498_374_1/bc921b7b54bbe7777e81b1263d23a166.JPG
Renault Arkana 2021;10;https://www.avtomaxi.ru/upload/resize_cache/iblock/494/498_374_1/49412c65de00d2c233adbb8b4bf4f734.JPG
Renault Arkana 2021;11;https://www.avtomaxi.ru/upload/resize_cache/iblock/35f/498_374_1/35f0ca8633e9c79e8a3b483b6b6cd77e.JPG
Renault Arkana 2021;12;https://www.avtomaxi.ru/upload/resize_cache/iblock/3ef/498_374_1/3efbb0752e6dbcb8cb8bfa60a23a861e.JPG
Renault Duster II 4х4 Style;1;https://www.avtomaxi.ru/upload/resize_cache/iblock/e4a/498_374_1/e4a94e4ff41e60fb642d199214f73a13.JPG
Renault Duster II 4х4 Style;2;https://www.avtomaxi.ru/upload/resize_cache/iblock/5f6/498_374_1/5f6ed41bfc75b48f6d6a2791105eccfe.JPG
Renault Duster II 4х4 Style;3;https://www.avtomaxi.ru/upload/resize_cache/iblock/ab9/498_374_1/ab92c893b5ae78580a4b5415d427573c.JPG
Renault Duster II 4х4 Style;4;https://www.avtomaxi.ru/upload/resize_cache/iblock/182/498_374_1/182ef79ef080bae4cd301869eff56140.JPG
Renault Duster II 4х4 Style;5;https://www.avtomaxi.ru/upload/resize_cache/iblock/2a6/498_374_1/2a6602013a3c1b6969b07a4df25d2fd2.JPG
Renault Duster II 4х4 Style;6;https://www.avtomaxi.ru/upload/resize_cache/iblock/f0e/498_374_1/f0ece19d6dd861f7b9b68d492c3bb6bf.JPG
Renault Duster II 4х4 Style;7;https://www.avtomaxi.ru/upload/resize_cache/iblock/152/498_374_1/152d5fd187821806ca165f4db279f9d9.JPG
Renault Duster II 4х4 Style;8;https://www.avtomaxi.ru/upload/resize_cache/iblock/72b/498_374_1/72b12ca8aeeaf1ef717394bbc6e63174.JPG
Renault Duster II 4х4 Style;9;https://www.avtomaxi.ru/upload/resize_cache/iblock/86a/498_374_1/86a88dc87f228790540a880b3f8ff7bd.JPG
Renault Duster II 4х4 Style;10;https://www.avtomaxi.ru/upload/resize_cache/iblock/fae/498_374_1/fae364e856e4235065c02045fedd6e7b.JPG
Renault Duster II 4х4 Style;11;https://www.avtomaxi.ru/upload/resize_cache/iblock/f72/498_374_1/f72cfe793fd2eac5a10ded7acc29c245.JPG
Renault Duster II 4х4 Style;12;https://www.avtomaxi.ru/upload/resize_cache/iblock/646/498_374_1/646c1c763eb842faf130f26176d0c16e.JPG
Renault Duster II 4х4 Style;13;https://www.avtomaxi.ru/upload/resize_cache/iblock/05b/498_374_1/05b504fa00836eaa6e73d4ac0e394710.JPG
Kia Seltos 2.0 CVT 4WD;1;https://www.avtomaxi.ru/upload/resize_cache/iblock/388/498_374_1/3882288923c4156618ce61f80355ba6d.JPG
Kia Seltos 2.0 CVT 4WD;2;https://www.avtomaxi.ru/upload/resize_cache/iblock/84c/498_374_1/84c525d7c7306d120d2d82a0edb181ae.JPG
Kia Seltos 2.0 CVT 4WD;3;https://www.avtomaxi.ru/upload/resize_cache/iblock/8e1/498_374_1/8e10dfed4d4728b2da0a1d1b59ce4add.JPG
Kia Seltos 2.0 CVT 4WD;4;https://www.avtomaxi.ru/upload/resize_cache/iblock/1bb/498_374_1/1bb31861b6cf00093d7b70b5aaaaca4f.JPG
Kia Seltos 2.0 CVT 4WD;5;https://www.avtomaxi.ru/upload/resize_cache/iblock/860/498_374_1/860986123d16e138fa722a81a6346f09.JPG
Kia Seltos 2.0 CVT 4WD;6;https://www.avtomaxi.ru/upload/resize_cache/iblock/8c4/498_374_1/8c4b99defe92520d1a346535a28c034d.JPG
Kia Seltos 2.0 CVT 4WD;7;https://www.avtomaxi.ru/upload/resize_cache/iblock/623/498_374_1/623b9a0eddeb333641e74863c55aee8e.JPG
Kia Seltos 2.0 CVT 4WD;8;https://www.avtomaxi.ru/upload/resize_cache/iblock/57f/498_374_1/57fda2f720bc939f6444a648ae87f1d6.JPG
Kia Seltos 2.0 CVT 4WD;9;https://www.avtomaxi.ru/upload/resize_cache/iblock/d8a/498_374_1/d8a9aad1a64655f068c49c0d49fa77bc.JPG
Kia Seltos 2.0 CVT 4WD;10;https://www.avtomaxi.ru/upload/resize_cache/iblock/b2a/498_374_1/b2adf9e2097ecc53514dd5edec5e0064.JPG
Kia Seltos 2.0 CVT 4WD;11;https://www.avtomaxi.ru/upload/resize_cache/iblock/497/498_374_1/497371e4d706662c6609694ff4af883c.JPG
Kia Seltos 2.0 CVT 4WD;12;https://www.avtomaxi.ru/upload/resize_cache/iblock/f9f/498_374_1/f9fc8b382ab7eca6757bdc460fd4d031.JPG
Kia Seltos 2.0 CVT 4WD;13;https://www.avtomaxi.ru/upload/resize_cache/iblock/52c/498_374_1/52c2318d4520f9ffcb48971c78f58b3b.jpg
Kia Seltos 2.0 CVT 4WD;14;https://www.avtomaxi.ru/upload/resize_cache/iblock/7b0/498_374_1/7b03e44b60c3d401116db1707794a0ec.JPG
Kia Seltos 2.0 CVT 4WD;15;https://www.avtomaxi.ru/upload/resize_cache/iblock/083/498_374_1/083c9a5981afd1cddc15d465986452a6.jpg
Hyundai Solaris II 1.4 rest.2020;1;https://www.avtomaxi.ru/upload/resize_cache/iblock/cb9/498_374_1/cb939c8849282f8569431cd3d792aa04.JPG
Hyundai Solaris II 1.4 rest.2020;2;https://www.avtomaxi.ru/upload/resize_cache/iblock/122/498_374_1/122b4d3a1c9ec087e233cce6776a8417.JPG
Hyundai Solaris II 1.4 rest.2020;3;https://www.avtomaxi.ru/upload/resize_cache/iblock/c2f/498_374_1/c2f8559793b93e43df7366e4ad177d75.JPG
Hyundai Solaris II 1.4 rest.2020;4;https://www.avtomaxi.ru/upload/resize_cache/iblock/d96/498_374_1/d965c87f04e7706fb7bce843ed61ce21.JPG
Hyundai Solaris II 1.4 rest.2020;5;https://www.avtomaxi.ru/upload/resize_cache/iblock/03c/498_374_1/03c89b059141386a871374bbb4634797.JPG
Hyundai Solaris II 1.4 rest.2020;6;https://www.avtomaxi.ru/upload/resize_cache/iblock/303/498_374_1/303d6eac693a301b5428d43e5d37ebe9.JPG
Hyundai Solaris II 1.4 rest.2020;7;https://www.avtomaxi.ru/upload/resize_cache/iblock/044/498_374_1/044c6c96d916f0364aae27b9e5a7e7db.JPG
Hyundai Solaris II 1.4 rest.2020;8;https://www.avtomaxi.ru/upload/resize_cache/iblock/630/498_374_1/6309d141dc1135055a7485133019449d.JPG
Hyundai Solaris II 1.4 rest.2020;9;https://www.avtomaxi.ru/upload/resize_cache/iblock/813/498_374_1/81398a00f625ba57dfd37b93228c6212.JPG
Hyundai Solaris II 1.4 rest.2020;10;https://www.avtomaxi.ru/upload/resize_cache/iblock/bf5/498_374_1/bf51cf9021a63b19492b55cbc1725943.JPG
Hyundai Solaris II 1.4 rest.2020;11;https://www.avtomaxi.ru/upload/resize_cache/iblock/3c5/498_374_1/3c5edf2084c6c2fe51cb41b7b8f81435.JPG
Hyundai Solaris II 1.4 rest.2020;12;https://www.avtomaxi.ru/upload/resize_cache/iblock/0d1/498_374_1/0d1e0f2e374cd2f3a6c04aafc18d2d6c.JPG
BMW 520d X-Drive G30 rest.;1;https://www.avtomaxi.ru/upload/resize_cache/iblock/9a5/498_374_1/9a5c3e3014aa6cef3e3b0552ae16e61d.JPG
BMW 520d X-Drive G30 rest.;2;https://www.avtomaxi.ru/upload/resize_cache/iblock/204/498_374_1/204644f25930c245c8cb837892396296.JPG
BMW 520d X-Drive G30 rest.;3;https://www.avtomaxi.ru/upload/resize_cache/iblock/71d/498_374_1/71d6e271503ec6d2a741e0b714997eb6.JPG
BMW 520d X-Drive G30 rest.;4;https://www.avtomaxi.ru/upload/resize_cache/iblock/0d8/498_374_1/0d83a77394cb3b71443f1db166e4ee1a.JPG
BMW 520d X-Drive G30 rest.;5;https://www.avtomaxi.ru/upload/resize_cache/iblock/71e/498_374_1/71ebeb0fca47b385e60c223761e24fe7.JPG
BMW 520d X-Drive G30 rest.;6;https://www.avtomaxi.ru/upload/resize_cache/iblock/598/498_374_1/598f9927b3139201afccfb60c1f22c58.JPG
BMW 520d X-Drive G30 rest.;7;https://www.avtomaxi.ru/upload/resize_cache/iblock/32f/498_374_1/32f9912c0990c74ab4228e501f86d1d6.JPG
BMW 520d X-Drive G30 rest.;8;https://www.avtomaxi.ru/upload/resize_cache/iblock/8bd/498_374_1/8bd3353f296f9220f34b4467fee75307.JPG
BMW 520d X-Drive G30 rest.;9;https://www.avtomaxi.ru/upload/resize_cache/iblock/de5/498_374_1/de5804bf072e00ec321ac1144e56f26a.JPG
BMW 520d X-Drive G30 rest.;10;https://www.avtomaxi.ru/upload/resize_cache/iblock/129/498_374_1/129ce486a1727f6232b1ad1a685a9897.JPG
BMW 520d X-Drive G30 rest.;11;https://www.avtomaxi.ru/upload/resize_cache/iblock/6d7/498_374_1/6d7faa842ca375a074d1f56b856647fb.JPG
BMW 520d X-Drive G30 rest.;12;https://www.avtomaxi.ru/upload/resize_cache/iblock/e4f/498_374_1/e4fb40a0f0272b62d2bd17f41fabcc26.JPG
Skoda Rapid rest.2020;1;https://www.avtomaxi.ru/upload/resize_cache/iblock/2e5/498_374_1/2e54232f05a523e48e2219d5de9db4ea.JPG
Skoda Rapid rest.2020;2;https://www.avtomaxi.ru/upload/resize_cache/iblock/dc2/498_374_1/dc2432cdd01be6481eb2b3f3786b273c.JPG
Skoda Rapid rest.2020;3;https://www.avtomaxi.ru/upload/resize_cache/iblock/5dd/498_374_1/5ddfa8d1c71e37ab6301a3b6e62243a8.JPG
Skoda Rapid rest.2020;4;https://www.avtomaxi.ru/upload/resize_cache/iblock/b5f/498_374_1/b5fa27ec4e5e63fa65afa2582441e4f5.JPG
Skoda Rapid rest.2020;5;https://www.avtomaxi.ru/upload/resize_cache/iblock/73a/498_374_1/73a18979315fc760e8669875ab6f9e80.JPG
Skoda Rapid rest.2020;6;https://www.avtomaxi.ru/upload/resize_cache/iblock/2ee/498_374_1/2ee759dd5df7d18fbf224e2bbb492b81.JPG
Skoda Rapid rest.2020;7;https://www.avtomaxi.ru/upload/resize_cache/iblock/bb7/498_374_1/bb7a236b8e5eb2592ae5aa4728ef002e.JPG
Skoda Rapid rest.2020;8;https://www.avtomaxi.ru/upload/resize_cache/iblock/ff9/498_374_1/ff978f72274b1475ba52b179a7c6b0ea.JPG
Skoda Rapid rest.2020;9;https://www.avtomaxi.ru/upload/resize_cache/iblock/b15/498_374_1/b15578a4019757c61ee009aafbc46d84.JPG
Skoda Rapid rest.2020;10;https://www.avtomaxi.ru/upload/resize_cache/iblock/f88/498_374_1/f88aa184882cc28375e7d5c28e717af2.JPG
Skoda Rapid rest.2020;11;https://www.avtomaxi.ru/upload/resize_cache/iblock/0ee/498_374_1/0eee75dab074304830edc13155a146cd.JPG
Skoda Rapid rest.2020;12;https://www.avtomaxi.ru/upload/resize_cache/iblock/c9d/498_374_1/c9d79bb2c82253892edcf0aa0cb17e06.JPG
BMW 520d X-Drive M Sport rest.;1;https://www.avtomaxi.ru/upload/resize_cache/iblock/cd5/498_374_1/cd5188f472b285e84f4ffed79076527d.JPG
BMW 520d X-Drive M Sport rest.;2;https://www.avtomaxi.ru/upload/resize_cache/iblock/f69/498_374_1/f69890f69f2ef4dd7e0d98614add5b79.JPG
BMW 520d X-Drive M Sport rest.;3;https://www.avtomaxi.ru/upload/resize_cache/iblock/321/498_374_1/3219939ba982a223da2ce65f07379091.JPG
BMW 520d X-Drive M Sport rest.;4;https://www.avtomaxi.ru/upload/resize_cache/iblock/694/498_374_1/694da999f8fbff29e0e06fdc6474cecf.JPG
BMW 520d X-Drive M Sport rest.;5;https://www.avtomaxi.ru/upload/resize_cache/iblock/c03/498_374_1/c03b28d637ce050bfbfd501e35d24fd5.JPG
BMW 520d X-Drive M Sport rest.;6;https://www.avtomaxi.ru/upload/resize_cache/iblock/9c7/498_374_1/9c7276e8c928a34dd040d82283eb5483.JPG
BMW 520d X-Drive M Sport rest.;7;https://www.avtomaxi.ru/upload/resize_cache/iblock/9a8/498_374_1/9a848cb1a096a807636f656bf1e5d2d0.JPG
BMW 520d X-Drive M Sport rest.;8;https://www.avtomaxi.ru/upload/resize_cache/iblock/6cc/498_374_1/6cc778a8e5280c0ba6b5ef292e2767a3.JPG
BMW 520d X-Drive M Sport rest.;9;https://www.avtomaxi.ru/upload/resize_cache/iblock/e89/498_374_1/e89162815e243082e8a98e0a71e9e2cc.JPG
BMW 520d X-Drive M Sport rest.;10;https://www.avtomaxi.ru/upload/resize_cache/iblock/a18/498_374_1/a18051a13afdac46d2cec27e99a8f823.JPG
BMW 520d X-Drive M Sport rest.;11;https://www.avtomaxi.ru/upload/resize_cache/iblock/e72/498_374_1/e72c0d187ea424a41b8a9f161e84ea6e.JPG
BMW 520d X-Drive M Sport rest.;12;https://www.avtomaxi.ru/upload/resize_cache/iblock/78d/498_374_1/78d44839aaee675fc150ca15cf3c56f8.JPG
BMW 520d X-Drive M Sport rest.;13;https://www.avtomaxi.ru/upload/resize_cache/iblock/02c/498_374_1/02c4988c334f2fe00f0e85d7e9ea0be0.JPG
BMW 520d X-Drive M Sport rest.;14;https://www.avtomaxi.ru/upload/resize_cache/iblock/894/498_374_1/894944c17735901d90874926c814b3d1.JPG
BMW 520d X-Drive M Sport rest.;15;https://www.avtomaxi.ru/upload/resize_cache/iblock/62c/498_374_1/62cb65d8e7158c7730232a9381acf8f3.JPG
BMW 320 G20;1;https://www.avtomaxi.ru/upload/resize_cache/iblock/b81/498_374_1/b81b755379cba3029662e636792e7748.JPG
BMW 320 G20;2;https://www.avtomaxi.ru/upload/resize_cache/iblock/c94/498_374_1/c9438286ae79e56af4340e13926a96b9.JPG
BMW 320 G20;3;https://www.avtomaxi.ru/upload/resize_cache/iblock/fc5/498_374_1/fc570ac0f549a9a56a54f76017b97e02.JPG
BMW 320 G20;4;https://www.avtomaxi.ru/upload/resize_cache/iblock/81b/498_374_1/81b448e639d5a87fab0d63f83e359f12.JPG
BMW 320 G20;5;https://www.avtomaxi.ru/upload/resize_cache/iblock/4b3/498_374_1/4b343f4bc7a5b8672f112f838c76ee42.JPG
BMW 320 G20;6;https://www.avtomaxi.ru/upload/resize_cache/iblock/561/498_374_1/561a57d081d7d10a933885179dade929.JPG
BMW 320 G20;7;https://www.avtomaxi.ru/upload/resize_cache/iblock/703/498_374_1/7038dd51d2af9ce848c137338fa40428.JPG
BMW 320 G20;8;https://www.avtomaxi.ru/upload/resize_cache/iblock/555/498_374_1/5557584192f6b1656927f1d0f0f1a91b.JPG
BMW 320 G20;9;https://www.avtomaxi.ru/upload/resize_cache/iblock/d05/498_374_1/d051369e7792403ca04fec27370a6c36.JPG
BMW 320 G20;10;https://www.avtomaxi.ru/upload/resize_cache/iblock/d36/498_374_1/d36ee19ac12c12ba9e72da88d859008c.JPG
BMW 320 G20;11;https://www.avtomaxi.ru/upload/resize_cache/iblock/317/498_374_1/31700b4707dd123a5af68620e40af906.JPG
BMW 320 G20;12;https://www.avtomaxi.ru/upload/resize_cache/iblock/a62/498_374_1/a62f47398be764ab1486c08b6157c4a2.JPG
BMW X6 M Sport Pro;1;https://www.avtomaxi.ru/upload/resize_cache/iblock/4aa/498_374_1/4aa29d8816121fcd45e732645895e49f.jpg
BMW X6 M Sport Pro;2;https://www.avtomaxi.ru/upload/resize_cache/iblock/795/498_374_1/795494ea6c2a3a818473264b65c1dc6a.jpg
BMW X6 M Sport Pro;3;https://www.avtomaxi.ru/upload/resize_cache/iblock/1fb/498_374_1/1fb71bfb33a8ab4501bfec368f7570c0.jpg
BMW X6 M Sport Pro;4;https://www.avtomaxi.ru/upload/resize_cache/iblock/fb6/498_374_1/fb632465b5f076df3d8e2b338f829dc0.jpg
BMW X6 M Sport Pro;5;https://www.avtomaxi.ru/upload/resize_cache/iblock/0c2/498_374_1/0c2587c3347a7541361f830037b1e396.jpg
BMW X6 M Sport Pro;6;https://www.avtomaxi.ru/upload/resize_cache/iblock/df0/498_374_1/df084e1a357f450679a1dc0ccf8bb944.jpg
BMW X6 M Sport Pro;7;https://www.avtomaxi.ru/upload/resize_cache/iblock/e29/498_374_1/e298aa1cb47c5a3ead204d25e4739ec4.jpg
BMW X6 M Sport Pro;8;https://www.avtomaxi.ru/upload/resize_cache/iblock/89d/498_374_1/89d534d583924f08bd3b4ef4b834eb6f.jpg
BMW X6 M Sport Pro;9;https://www.avtomaxi.ru/upload/resize_cache/iblock/c9e/498_374_1/c9e1ef55cfb1d48d4eee49e50d55b77f.jpg
BMW X6 M Sport Pro;10;https://www.avtomaxi.ru/upload/resize_cache/iblock/ac8/498_374_1/ac801fa23f8900f0d75c2ee07a3fe513.jpg
BMW X6 M Sport Pro;11;https://www.avtomaxi.ru/upload/resize_cache/iblock/74e/498_374_1/74e7895adee2da5e1ffe4ff6f4727d21.jpg
BMW X6 M Sport Pro;12;https://www.avtomaxi.ru/upload/resize_cache/iblock/5a7/498_374_1/5a77db4db366ebcad18159a4d307c580.jpg
BMW X1 20i xDrive Advantage;1;https://www.avtomaxi.ru/upload/resize_cache/iblock/1c9/498_374_1/1c9b7aefbf0e3e3e923db12e1fb756cc.jpg
BMW X1 20i xDrive Advantage;2;https://www.avtomaxi.ru/upload/resize_cache/iblock/b7f/498_374_1/b7f9cfb9ce7ee9615f56fa2ae14fccee.jpg
BMW X1 20i xDrive Advantage;3;https://www.avtomaxi.ru/upload/resize_cache/iblock/ee0/498_374_1/ee089caf8dc69c2a7469421e59b79a98.jpg
BMW X1 20i xDrive Advantage;4;https://www.avtomaxi.ru/upload/resize_cache/iblock/8b4/498_374_1/8b4f7b19739aa4b2b5a8710863b8f852.jpg
BMW X1 20i xDrive Advantage;5;https://www.avtomaxi.ru/upload/resize_cache/iblock/b91/498_374_1/b91d3257aa6d20cb9cc69eb118a4ba0f.jpg
BMW X1 20i xDrive Advantage;6;https://www.avtomaxi.ru/upload/resize_cache/iblock/818/498_374_1/81832d277f303d1e6d507f46ba2ed374.jpg
BMW X1 20i xDrive Advantage;7;https://www.avtomaxi.ru/upload/resize_cache/iblock/7a1/498_374_1/7a199e96cd7bd8ba1e9922528b934669.jpg
BMW X1 20i xDrive Advantage;8;https://www.avtomaxi.ru/upload/resize_cache/iblock/789/498_374_1/7890c6b0a933cef0b4e339aceed727f7.jpg
BMW X1 20i xDrive Advantage;9;https://www.avtomaxi.ru/upload/resize_cache/iblock/9a7/498_374_1/9a70b71da84adfc046d2ae335cf21c97.jpg
BMW X1 20i xDrive Advantage;10;https://www.avtomaxi.ru/upload/resize_cache/iblock/bce/498_374_1/bcecd92c3bb81324df428d566b3e5943.jpg
BMW X1 20i xDrive Advantage;11;https://www.avtomaxi.ru/upload/resize_cache/iblock/a7e/498_374_1/a7e11cc72bcdb5defafb179744cbb3b9.jpg
BMW X1 20i xDrive Advantage;12;https://www.avtomaxi.ru/upload/resize_cache/iblock/08e/498_374_1/08ed9d5f70fac1b5459fd1eb2c8711fb.jpg
Hyundai Grand Starex (H1) rest. 2020;1;https://www.avtomaxi.ru/upload/resize_cache/iblock/a65/498_374_1/a65eaa6547797f7c5b43f85321ca458f.JPG
Hyundai Grand Starex (H1) rest. 2020;2;https://www.avtomaxi.ru/upload/resize_cache/iblock/60d/498_374_1/60d602f542db64e725698dc39e6d1190.JPG
Hyundai Grand Starex (H1) rest. 2020;3;https://www.avtomaxi.ru/upload/resize_cache/iblock/20c/498_374_1/20cd2378676ed603764a4e97d18dcc13.JPG
Hyundai Grand Starex (H1) rest. 2020;4;https://www.avtomaxi.ru/upload/resize_cache/iblock/af4/498_374_1/af434d4fd5f53281686932fcce585124.JPG
Hyundai Grand Starex (H1) rest. 2020;5;https://www.avtomaxi.ru/upload/resize_cache/iblock/6c5/498_374_1/6c53ab696cd70035ea3625a1ca5a6717.JPG
Hyundai Grand Starex (H1) rest. 2020;6;https://www.avtomaxi.ru/upload/resize_cache/iblock/f8d/498_374_1/f8d7ce1d08bc42237575e30cd034adc5.JPG
Hyundai Grand Starex (H1) rest. 2020;7;https://www.avtomaxi.ru/upload/resize_cache/iblock/803/498_374_1/80397b52f4ae4160dac202a661e5fb90.JPG
Hyundai Grand Starex (H1) rest. 2020;8;https://www.avtomaxi.ru/upload/resize_cache/iblock/078/498_374_1/0789c45a550f2d9ca94430f53133f2a3.JPG
Hyundai Grand Starex (H1) rest. 2020;9;https://www.avtomaxi.ru/upload/resize_cache/iblock/d54/498_374_1/d54f9cf702507d566e463e12936997fa.JPG
Hyundai Grand Starex (H1) rest. 2020;10;https://www.avtomaxi.ru/upload/resize_cache/iblock/3b3/498_374_1/3b3887fa437e010b9a38399de7a20b89.JPG
Hyundai Grand Starex (H1) rest. 2020;11;https://www.avtomaxi.ru/upload/resize_cache/iblock/b54/498_374_1/b54677385894f560a08b09dc81d86e0c.JPG
Hyundai Grand Starex (H1) rest. 2020;12;https://www.avtomaxi.ru/upload/resize_cache/iblock/bb5/498_374_1/bb5ab91ff11be315b447c2025619b707.JPG
Mercedes GLS 400D X167;1;https://www.avtomaxi.ru/upload/resize_cache/iblock/6c4/498_374_1/6c47a3bb72116cb4bf57f1e74734a1d0.JPG
Mercedes GLS 400D X167;2;https://www.avtomaxi.ru/upload/resize_cache/iblock/d9b/498_374_1/d9b16f2dc667882eabbb99e76da43339.JPG
Mercedes GLS 400D X167;3;https://www.avtomaxi.ru/upload/resize_cache/iblock/bc7/498_374_1/bc765109fbdba8f1d71e8c3d6efd1c2f.JPG
Mercedes GLS 400D X167;4;https://www.avtomaxi.ru/upload/resize_cache/iblock/347/498_374_1/3475865699caafff09a3b8a89352c880.JPG
Mercedes GLS 400D X167;5;https://www.avtomaxi.ru/upload/resize_cache/iblock/d36/498_374_1/d36ffa0993a4c268a078f662310ee66f.JPG
Mercedes GLS 400D X167;6;https://www.avtomaxi.ru/upload/resize_cache/iblock/af6/498_374_1/af6e8a7e68c787393e25ba856614286d.JPG
Mercedes GLS 400D X167;7;https://www.avtomaxi.ru/upload/resize_cache/iblock/097/498_374_1/09762bc4fe58273cfe596d99c0fc62a8.JPG
Mercedes GLS 400D X167;8;https://www.avtomaxi.ru/upload/resize_cache/iblock/54f/498_374_1/54f2f5f6941a8de3006e4ee57a37c8ce.JPG
Mercedes GLS 400D X167;9;https://www.avtomaxi.ru/upload/resize_cache/iblock/edc/498_374_1/edc7205d7cd838363117ee6601646d82.JPG
Mercedes GLS 400D X167;10;https://www.avtomaxi.ru/upload/resize_cache/iblock/c5d/498_374_1/c5d3ac835e4c347bc45c4ba12cf04794.JPG
Mercedes GLS 400D X167;11;https://www.avtomaxi.ru/upload/resize_cache/iblock/b33/498_374_1/b3367d78452be506140b6f22da1eefb0.JPG
Mercedes GLS 400D X167;12;https://www.avtomaxi.ru/upload/resize_cache/iblock/d5c/498_374_1/d5c44b202c949380ccbf1f00e888a562.JPG
Mercedes GLS 400D X167;13;https://www.avtomaxi.ru/upload/resize_cache/iblock/227/498_374_1/2276a149d6a7c57a18bd6b95a8caaa0f.JPG
Mercedes GLS 400D X167;14;https://www.avtomaxi.ru/upload/resize_cache/iblock/1cc/498_374_1/1cc8c9d93b66908e222ddcd7e1c7b1c5.JPG
Mercedes GLS 400D X167;15;https://www.avtomaxi.ru/upload/resize_cache/iblock/20f/498_374_1/20f7a49e55318b9ba97380a9354d1e5c.JPG
Volkswagen Tiguan II rest.2021;1;https://www.avtomaxi.ru/upload/resize_cache/iblock/269/498_374_1/269288f4d7f8ca0c74135c3999561b81.JPG
Volkswagen Tiguan II rest.2021;2;https://www.avtomaxi.ru/upload/resize_cache/iblock/057/498_374_1/0571c6d8b2bbddd5a95d1936ba4f2628.JPG
Volkswagen Tiguan II rest.2021;3;https://www.avtomaxi.ru/upload/resize_cache/iblock/c5a/498_374_1/c5a52cc11a412e04564e8fbd091b4d59.JPG
Volkswagen Tiguan II rest.2021;4;https://www.avtomaxi.ru/upload/resize_cache/iblock/a12/498_374_1/a124f06fabbdc1008d3253f4fb0630d0.JPG
Volkswagen Tiguan II rest.2021;5;https://www.avtomaxi.ru/upload/resize_cache/iblock/a0b/498_374_1/a0b141db489f55d98026b52b58fd76b4.JPG
Volkswagen Tiguan II rest.2021;6;https://www.avtomaxi.ru/upload/resize_cache/iblock/43f/498_374_1/43fbcdb226ee7179b8505494fd06bf25.JPG
Volkswagen Tiguan II rest.2021;7;https://www.avtomaxi.ru/upload/resize_cache/iblock/0ed/498_374_1/0ed37fefe7de86e39aa1e5c99085f195.JPG
Volkswagen Tiguan II rest.2021;8;https://www.avtomaxi.ru/upload/resize_cache/iblock/102/498_374_1/102df7b40030474c55ba3f8949fb2373.JPG
Volkswagen Tiguan II rest.2021;9;https://www.avtomaxi.ru/upload/resize_cache/iblock/4a6/498_374_1/4a63d3783678573e9930d48b45e445b8.JPG
Volkswagen Tiguan II rest.2021;10;https://www.avtomaxi.ru/upload/resize_cache/iblock/fc0/498_374_1/fc04d89faa2840a739e62d841dde0085.JPG
Volkswagen Tiguan II rest.2021;11;https://www.avtomaxi.ru/upload/resize_cache/iblock/3c3/498_374_1/3c3aa7eb8a2c6b24f489b7c707412d71.JPG
Volkswagen Tiguan II rest.2021;12;https://www.avtomaxi.ru/upload/resize_cache/iblock/bc1/498_374_1/bc14b5a3c1e04bc768ffdf9bbf50d5c7.JPG
Volkswagen Tiguan II rest.2021;13;https://www.avtomaxi.ru/upload/resize_cache/iblock/b34/498_374_1/b342d73307ea6b5777bb6fb9514b68d7.JPG
BMW 218 Gran Coupe;1;https://www.avtomaxi.ru/upload/resize_cache/iblock/162/498_374_1/1628cbc073ed95d1bd483cbe80fa2598.JPG
BMW 218 Gran Coupe;2;https://www.avtomaxi.ru/upload/resize_cache/iblock/9d2/498_374_1/9d2235d9bafa0b53c40b9dd49b99466f.JPG
BMW 218 Gran Coupe;3;https://www.avtomaxi.ru/upload/resize_cache/iblock/2db/498_374_1/2db315643d5e93a4620a93c17a571e23.JPG
BMW 218 Gran Coupe;4;https://www.avtomaxi.ru/upload/resize_cache/iblock/d01/498_374_1/d012a2dd796ee45e09f7486757608ba8.JPG
BMW 218 Gran Coupe;5;https://www.avtomaxi.ru/upload/resize_cache/iblock/df7/498_374_1/df74c52738341e65d0f224ecd1d6ae65.JPG
BMW 218 Gran Coupe;6;https://www.avtomaxi.ru/upload/resize_cache/iblock/54a/498_374_1/54ad127b0990e6f4c5f5e0da91854958.JPG
BMW 218 Gran Coupe;7;https://www.avtomaxi.ru/upload/resize_cache/iblock/ab1/498_374_1/ab1d4a88dc075567e7312b861d866a3e.JPG
BMW 218 Gran Coupe;8;https://www.avtomaxi.ru/upload/resize_cache/iblock/27a/498_374_1/27abc332c385ddc6976aa64743804487.JPG
BMW 218 Gran Coupe;9;https://www.avtomaxi.ru/upload/resize_cache/iblock/011/498_374_1/01106cb011bd1f1ef4236a9e72678e0c.JPG
BMW 218 Gran Coupe;10;https://www.avtomaxi.ru/upload/resize_cache/iblock/899/498_374_1/89985fdedbf2e7825cdb5aeb310368b1.JPG
BMW 218 Gran Coupe;11;https://www.avtomaxi.ru/upload/resize_cache/iblock/3ba/498_374_1/3bad238e1ee24dd31ae2b66a32d0e1eb.JPG
BMW 218 Gran Coupe;12;https://www.avtomaxi.ru/upload/resize_cache/iblock/2d1/498_374_1/2d1f45dca4010fe48134f1bf9cececf8.JPG
BMW 218 Gran Coupe;13;https://www.avtomaxi.ru/upload/resize_cache/iblock/e96/498_374_1/e9658307f1ea4d0dfcc22bb728ad7131.JPG
BMW 218 Gran Coupe;14;https://www.avtomaxi.ru/upload/resize_cache/iblock/884/498_374_1/884db3ad178eca1de435e43f2a779ee7.JPG
BMW 218 Gran Coupe;15;https://www.avtomaxi.ru/upload/resize_cache/iblock/089/498_374_1/089c510f4821b368248da06c6d08ea96.JPG
BMW 520d Executive G30 rest.;1;https://www.avtomaxi.ru/upload/resize_cache/iblock/d7c/498_374_1/d7cc4d95c97c56ae4adb3bad0b352073.JPG
BMW 520d Executive G30 rest.;2;https://www.avtomaxi.ru/upload/resize_cache/iblock/bff/498_374_1/bfff8ceee57084c32e21021866112d45.JPG
BMW 520d Executive G30 rest.;3;https://www.avtomaxi.ru/upload/resize_cache/iblock/7f6/498_374_1/7f6b03c2d9fe5b6d022a19c1b03048c7.JPG
BMW 520d Executive G30 rest.;4;https://www.avtomaxi.ru/upload/resize_cache/iblock/d3f/498_374_1/d3f2a75b4c2171ee98a99a72cb2b1ddc.JPG
BMW 520d Executive G30 rest.;5;https://www.avtomaxi.ru/upload/resize_cache/iblock/73b/498_374_1/73b23a7da0f09724df0ea2687a8c9009.JPG
BMW 520d Executive G30 rest.;6;https://www.avtomaxi.ru/upload/resize_cache/iblock/9e0/498_374_1/9e055580a65997a9e782518af6fffbbf.JPG
BMW 520d Executive G30 rest.;7;https://www.avtomaxi.ru/upload/resize_cache/iblock/081/498_374_1/081665212fff6bf326d386ec554defdf.JPG
BMW 520d Executive G30 rest.;8;https://www.avtomaxi.ru/upload/resize_cache/iblock/b20/498_374_1/b20bcb53d69e9b7595b16c2e7d7b37a6.JPG
BMW 520d Executive G30 rest.;9;https://www.avtomaxi.ru/upload/resize_cache/iblock/22c/498_374_1/22c1335e6341a0034a4870ae3f6eb792.JPG
BMW 520d Executive G30 rest.;10;https://www.avtomaxi.ru/upload/resize_cache/iblock/ee8/498_374_1/ee89f0f6b78ea40932f487baeb552545.JPG
BMW 520d Executive G30 rest.;11;https://www.avtomaxi.ru/upload/resize_cache/iblock/679/498_374_1/679a4c624b9355ba66523b0650da05ad.JPG
BMW 520d Executive G30 rest.;12;https://www.avtomaxi.ru/upload/resize_cache/iblock/1af/498_374_1/1af07bd0a47818f5384c1902fc8b4d69.JPG
BMW 520d Executive G30 rest.;13;https://www.avtomaxi.ru/upload/resize_cache/iblock/501/498_374_1/501f720463f746fb8ef6f34f0a5ba8ec.JPG
BMW 520d Executive G30 rest.;14;https://www.avtomaxi.ru/upload/resize_cache/iblock/943/498_374_1/9435c9b3b064f290e09d408cc2eb738d.JPG
BMW 520d Executive G30 rest.;15;https://www.avtomaxi.ru/upload/resize_cache/iblock/3f6/498_374_1/3f6edd60e07dc5e828a8e6090af79123.JPG
Mercedes E200 AMG rest.2021;1;https://www.avtomaxi.ru/upload/resize_cache/iblock/40e/498_374_1/40ec39ea1929bb242680f904204f6859.JPG
Mercedes E200 AMG rest.2021;2;https://www.avtomaxi.ru/upload/resize_cache/iblock/1a0/498_374_1/1a05d5eb2cf6a9a220ca2959ed43313a.JPG
Mercedes E200 AMG rest.2021;3;https://www.avtomaxi.ru/upload/resize_cache/iblock/ef1/498_374_1/ef11f2ce17df8df6dad1d476a359827d.JPG
Mercedes E200 AMG rest.2021;4;https://www.avtomaxi.ru/upload/resize_cache/iblock/aea/498_374_1/aea3c4b6455da035489490baf675de5e.JPG
Mercedes E200 AMG rest.2021;5;https://www.avtomaxi.ru/upload/resize_cache/iblock/349/498_374_1/3498feefe014649db650a3d183e0e219.JPG
Mercedes E200 AMG rest.2021;6;https://www.avtomaxi.ru/upload/resize_cache/iblock/f64/498_374_1/f64e40fd06a564027eccd535b5366d4e.JPG
Mercedes E200 AMG rest.2021;7;https://www.avtomaxi.ru/upload/resize_cache/iblock/98c/498_374_1/98cc72f9180123aec11bb10b9d7c84b2.JPG
Mercedes E200 AMG rest.2021;8;https://www.avtomaxi.ru/upload/resize_cache/iblock/e2c/498_374_1/e2c8ccf66c30615a762f75fb8d2d5e3f.JPG
Mercedes E200 AMG rest.2021;9;https://www.avtomaxi.ru/upload/resize_cache/iblock/083/498_374_1/0835fe355038e575d32eb700ade55ffb.JPG
Mercedes E200 AMG rest.2021;10;https://www.avtomaxi.ru/upload/resize_cache/iblock/569/498_374_1/569e6cc2c12c917d41af6333a1decd32.JPG
Mercedes E200 AMG rest.2021;11;https://www.avtomaxi.ru/upload/resize_cache/iblock/231/498_374_1/231a65f170ce132bef4f6ea50bf8ee5e.JPG
Mercedes E200 AMG rest.2021;12;https://www.avtomaxi.ru/upload/resize_cache/iblock/af7/498_374_1/af76bf42171ad49c0539c194f73932ae.JPG
Mercedes E200 AMG rest.2021;13;https://www.avtomaxi.ru/upload/resize_cache/iblock/439/498_374_1/439ab948d11b675cd480f9cc34645d63.JPG
Mercedes E200 AMG rest.2021;14;https://www.avtomaxi.ru/upload/resize_cache/iblock/e10/498_374_1/e100ff550168f03e76a96cb4f5b314a8.JPG
BMW X5 M Sport Plus;1;https://www.avtomaxi.ru/upload/resize_cache/iblock/c57/498_374_1/c57943cb037d82f68ea9ca52b2fa0596.JPG
BMW X5 M Sport Plus;2;https://www.avtomaxi.ru/upload/resize_cache/iblock/c11/498_374_1/c112b8844c77240c566fd852944d42aa.JPG
BMW X5 M Sport Plus;3;https://www.avtomaxi.ru/upload/resize_cache/iblock/68f/498_374_1/68fd7625a765fff5b4746d301ee0d279.JPG
BMW X5 M Sport Plus;4;https://www.avtomaxi.ru/upload/resize_cache/iblock/945/498_374_1/945944208fcf4cccb23689b11d340ee1.JPG
BMW X5 M Sport Plus;5;https://www.avtomaxi.ru/upload/resize_cache/iblock/a73/498_374_1/a736af9d794360ccb0bc36f30bdf33dc.JPG
BMW X5 M Sport Plus;6;https://www.avtomaxi.ru/upload/resize_cache/iblock/499/498_374_1/4992cd538284b68d3a89e0b5999f9b09.JPG
BMW X5 M Sport Plus;7;https://www.avtomaxi.ru/upload/resize_cache/iblock/6d6/498_374_1/6d625c367db092d04a3e8390ace6c7d1.JPG
BMW X5 M Sport Plus;8;https://www.avtomaxi.ru/upload/resize_cache/iblock/5c7/498_374_1/5c758e16b158dad0fe46d6bc80505f72.JPG
BMW X5 M Sport Plus;9;https://www.avtomaxi.ru/upload/resize_cache/iblock/e1d/498_374_1/e1d8b3071a1796e93c1c50f598f68264.JPG
BMW X5 M Sport Plus;10;https://www.avtomaxi.ru/upload/resize_cache/iblock/52b/498_374_1/52ba71fabe3859ea83a1e61f9341643b.JPG
BMW X5 M Sport Plus;11;https://www.avtomaxi.ru/upload/resize_cache/iblock/466/498_374_1/466fd7fe700f590bb98cfa29219f7b13.JPG
BMW X5 M Sport Plus;12;https://www.avtomaxi.ru/upload/resize_cache/iblock/e00/498_374_1/e00bd2a15be25b3e938ea098e72a46f5.JPG
BMW X5 M Sport Plus;13;https://www.avtomaxi.ru/upload/resize_cache/iblock/c58/498_374_1/c5828be95c4e77cf1aa05c023eda5785.JPG
BMW X5 M Sport Plus;14;https://www.avtomaxi.ru/upload/resize_cache/iblock/bb9/498_374_1/bb941ae873b2fc47b390df1ec76d3283.JPG
BMW X5 M Sport Plus;15;https://www.avtomaxi.ru/upload/resize_cache/iblock/198/498_374_1/1981b5da24cb0685f7b56483966b97bc.JPG
Mazda 6 Active+;1;https://www.avtomaxi.ru/upload/resize_cache/iblock/067/498_374_1/06794c507e141983237707fae04116d5.JPG
Mazda 6 Active+;2;https://www.avtomaxi.ru/upload/resize_cache/iblock/a35/498_374_1/a3519663322b9b507d297e05496cdbde.JPG
Mazda 6 Active+;3;https://www.avtomaxi.ru/upload/resize_cache/iblock/a5f/498_374_1/a5f194924a5f740fd78bc6d52c5eb96b.JPG
Mazda 6 Active+;4;https://www.avtomaxi.ru/upload/resize_cache/iblock/4c1/498_374_1/4c18cbd2b202c0b1a2e40ae426bd6cb8.JPG
Mazda 6 Active+;5;https://www.avtomaxi.ru/upload/resize_cache/iblock/ece/498_374_1/ecee726f8db4d0f89af8c21a64817de1.JPG
Mazda 6 Active+;6;https://www.avtomaxi.ru/upload/resize_cache/iblock/c26/498_374_1/c2692b677f6f53fdaa654cdb2f0eb41a.JPG
Mazda 6 Active+;7;https://www.avtomaxi.ru/upload/resize_cache/iblock/69c/498_374_1/69cf5ed10537ca8c545989a21469f76f.JPG
Mazda 6 Active+;8;https://www.avtomaxi.ru/upload/resize_cache/iblock/51f/498_374_1/51f5950dcc83904ae499b938aeae9338.JPG
Mazda 6 Active+;9;https://www.avtomaxi.ru/upload/resize_cache/iblock/753/498_374_1/753626558cc6d2da61f2cd29ed900667.JPG
Mazda 6 Active+;10;https://www.avtomaxi.ru/upload/resize_cache/iblock/833/498_374_1/833a24b141b0ad8683ac5945a21ca77c.JPG
Mazda 6 Active+;11;https://www.avtomaxi.ru/upload/resize_cache/iblock/183/498_374_1/1833e673cf33d2103069198c788c1a02.JPG
Mazda 6 Active+;12;https://www.avtomaxi.ru/upload/resize_cache/iblock/610/498_374_1/6104f3a1ef7639ad1c3fb8e153b59d55.JPG
Mazda 6 Active+;13;https://www.avtomaxi.ru/upload/resize_cache/iblock/d1f/498_374_1/d1f05808970fd7810df0a434dcf95ec7.JPG
Mazda 6 Active+;14;https://www.avtomaxi.ru/upload/resize_cache/iblock/2a2/498_374_1/2a2bc0124b0a235da148b5a2c52843ee.JPG
Mazda 6 Active+;15;https://www.avtomaxi.ru/upload/resize_cache/iblock/8a5/498_374_1/8a57c14177da57c8f4ea8953a552efc1.JPG
Kia K5 2.4  Luxe;1;https://www.avtomaxi.ru/upload/resize_cache/iblock/c8e/498_374_1/c8e726d18b220f7f6e8fc5bb78de4132.JPG
Kia K5 2.4  Luxe;2;https://www.avtomaxi.ru/upload/resize_cache/iblock/8ac/498_374_1/8ac08c39c0873aeb7fe07318d3fed6de.JPG
Kia K5 2.4  Luxe;3;https://www.avtomaxi.ru/upload/resize_cache/iblock/4f6/498_374_1/4f61d8eb44fca5c365fb502a39e570ee.JPG
Kia K5 2.4  Luxe;4;https://www.avtomaxi.ru/upload/resize_cache/iblock/013/498_374_1/01399943aa21d4b7b6630503ba1c798c.JPG
Kia K5 2.4  Luxe;5;https://www.avtomaxi.ru/upload/resize_cache/iblock/eba/498_374_1/ebad80db7a8820bc36058248cdca1666.jpeg
Kia K5 2.4  Luxe;6;https://www.avtomaxi.ru/upload/resize_cache/iblock/500/498_374_1/5000e488ef988e7140af94f5762a9b8c.JPG
Kia K5 2.4  Luxe;7;https://www.avtomaxi.ru/upload/resize_cache/iblock/f8c/498_374_1/f8ce230f1733139c110f713ad2c011ef.JPG
Kia K5 2.4  Luxe;8;https://www.avtomaxi.ru/upload/resize_cache/iblock/a58/498_374_1/a5826593cee80e3523e2312dbf539c17.JPG
Kia K5 2.4  Luxe;9;https://www.avtomaxi.ru/upload/resize_cache/iblock/757/498_374_1/757fc34126df9cc057b09bf25574c6b5.JPG
Kia K5 2.4  Luxe;10;https://www.avtomaxi.ru/upload/resize_cache/iblock/883/498_374_1/8836a8019ca993f8229dadd9c45690c1.JPG
Kia K5 2.4  Luxe;11;https://www.avtomaxi.ru/upload/resize_cache/iblock/b19/498_374_1/b19b523edeed62e0f0c1c923cb2eea64.JPG
Kia K5 2.4  Luxe;12;https://www.avtomaxi.ru/upload/resize_cache/iblock/f47/498_374_1/f4784d71bfb9907f4d144e8d679bfccd.JPG
Kia K5 2.4  Luxe;13;https://www.avtomaxi.ru/upload/resize_cache/iblock/0d9/498_374_1/0d96e7504e9d2da5d127943fcd8f2c4a.JPG
Kia K5 2.4  Luxe;14;https://www.avtomaxi.ru/upload/resize_cache/iblock/72b/498_374_1/72b36f86aeed81edbb72049dc7af3a29.JPG
Kia K5 2.4  Luxe;15;https://www.avtomaxi.ru/upload/resize_cache/iblock/0d5/498_374_1/0d51112ce3b3ab898b9e17bb9a5f10d4.JPG
Mercedes A200 sedan ;1;https://www.avtomaxi.ru/upload/resize_cache/iblock/5b1/498_374_1/5b1f43332001ce165eef040c2db7af3e.jpg
Mercedes A200 sedan ;2;https://www.avtomaxi.ru/upload/resize_cache/iblock/018/498_374_1/01898df1b2617995d778aa3a0009633d.jpg
Mercedes A200 sedan ;3;https://www.avtomaxi.ru/upload/resize_cache/iblock/ce8/498_374_1/ce88f815005c65949aaba5e1d916cd7b.jpg
Mercedes A200 sedan ;4;https://www.avtomaxi.ru/upload/resize_cache/iblock/90b/498_374_1/90b8d8e5a27eb7b6a733ef25902ec269.jpg
Mercedes A200 sedan ;5;https://www.avtomaxi.ru/upload/resize_cache/iblock/a98/498_374_1/a98a6c5e95db77b13cf4eea19920ad10.jpg
Mercedes A200 sedan ;6;https://www.avtomaxi.ru/upload/resize_cache/iblock/ec3/498_374_1/ec3391f3511c22e88844f0210707bbb2.jpg
Mercedes A200 sedan ;7;https://www.avtomaxi.ru/upload/resize_cache/iblock/2e7/498_374_1/2e7d73a3d692def580bcf680fb73c509.jpg
Mercedes A200 sedan ;8;https://www.avtomaxi.ru/upload/resize_cache/iblock/186/498_374_1/1867e4aa24ccef6d4560fcd51b2cb495.jpg
Mercedes A200 sedan ;9;https://www.avtomaxi.ru/upload/resize_cache/iblock/2c7/498_374_1/2c7c4cc9fd70f7b8c48b6c67ce4be3ea.jpg
Mercedes A200 sedan ;10;https://www.avtomaxi.ru/upload/resize_cache/iblock/e4c/498_374_1/e4c1476df1c6b14c686a1c21d2f0f545.jpg
Mercedes A200 sedan ;11;https://www.avtomaxi.ru/upload/resize_cache/iblock/83d/498_374_1/83d6c96130597716c1e81538b7837e88.jpg
Mercedes A200 sedan ;12;https://www.avtomaxi.ru/upload/resize_cache/iblock/f70/498_374_1/f70854cca9f1b5498e91c7f29a157cf1.jpg
Nissan X-Trail 44  ;1;https://www.avtomaxi.ru/upload/resize_cache/iblock/799/498_374_1/7993cb89eb7e6b5f9f32809412f7e2c5.JPG
Nissan X-Trail 44  ;2;https://www.avtomaxi.ru/upload/resize_cache/iblock/439/498_374_1/439a976ecd3110b77566baf505b54d61.jpg
Nissan X-Trail 44  ;3;https://www.avtomaxi.ru/upload/resize_cache/iblock/90c/498_374_1/90c27a56533c421cf4c574d9d94775d6.JPG
Nissan X-Trail 44  ;4;https://www.avtomaxi.ru/upload/resize_cache/iblock/f09/498_374_1/f09fd2272a4dc7cffefe27eddddbac1b.JPG
Nissan X-Trail 44  ;5;https://www.avtomaxi.ru/upload/resize_cache/iblock/c1b/498_374_1/c1bc6c03353b1a30f2999db86c0ab43d.JPG
Toyota Camry XV70 ;1;https://www.avtomaxi.ru/upload/resize_cache/iblock/78f/498_374_1/78f5813e0d7f6b2f7b7f153de36bdf0f.jpg
Toyota Camry XV70 ;2;https://www.avtomaxi.ru/upload/resize_cache/iblock/5df/498_374_1/5df160093990ee4acc9423e2569323fb.JPG
Toyota Camry XV70 ;3;https://www.avtomaxi.ru/upload/resize_cache/iblock/130/498_374_1/1308453d6ad3d6f0e7b2a54c092ec9b5.jpg
Toyota Camry XV70 ;4;https://www.avtomaxi.ru/upload/resize_cache/iblock/ee7/498_374_1/ee7076c1e2cd585a5818f2acd2a46613.JPG
Toyota Camry XV70 ;5;https://www.avtomaxi.ru/upload/resize_cache/iblock/a85/498_374_1/a85de57ba0afa0f265d86855ccab9ad3.JPG
Toyota Camry XV70 ;6;https://www.avtomaxi.ru/upload/resize_cache/iblock/304/498_374_1/304c88c4222b2de50404d6bae719f6c9.JPG
Toyota Camry XV70 ;7;https://www.avtomaxi.ru/upload/resize_cache/iblock/5b2/498_374_1/5b209ee39a32b1d79818439baf24be6a.JPG
Toyota Camry XV70 ;8;https://www.avtomaxi.ru/upload/resize_cache/iblock/9f3/498_374_1/9f341933685396f7cfd6b18976db7060.JPG
Toyota Camry XV70 ;9;https://www.avtomaxi.ru/upload/resize_cache/iblock/111/498_374_1/11163a18e13bbe7cf9875b8965db84c1.JPG
Toyota Camry XV70 ;10;https://www.avtomaxi.ru/upload/resize_cache/iblock/d63/498_374_1/d6328e6b8c8738357fd40e16e53a099e.jpg
Toyota Camry XV70 ;11;https://www.avtomaxi.ru/upload/resize_cache/iblock/488/498_374_1/488888b007a065000602ad756d79b588.jpg
Toyota Camry XV70 ;12;https://www.avtomaxi.ru/upload/resize_cache/iblock/797/498_374_1/79713cb5df60dd139232ce675cb649f5.jpg
Skoda Kodiaq ;1;https://www.avtomaxi.ru/upload/resize_cache/iblock/9f9/498_374_1/9f9afab58abb98fe0186de3bfdedc1fc.JPG
Skoda Kodiaq ;2;https://www.avtomaxi.ru/upload/resize_cache/iblock/a42/498_374_1/a4249761ffb36eb073980bcdf529e498.JPG
Skoda Kodiaq ;3;https://www.avtomaxi.ru/upload/resize_cache/iblock/809/498_374_1/8091118afc533057626e2adbef320d22.JPG
Skoda Kodiaq ;4;https://www.avtomaxi.ru/upload/resize_cache/iblock/73b/498_374_1/73b8052495fe429740025d8d06c5331b.JPG
Skoda Kodiaq ;5;https://www.avtomaxi.ru/upload/resize_cache/iblock/131/498_374_1/1314e0ef6b56e1ac311551c5fc78ab43.JPG
Skoda Kodiaq ;6;https://www.avtomaxi.ru/upload/resize_cache/iblock/fa4/498_374_1/fa4ced761747a9c424d1eb4a2ed128dc.JPG
Skoda Kodiaq ;7;https://www.avtomaxi.ru/upload/resize_cache/iblock/693/498_374_1/69389405938c6a827f48bd9fa4b0d2f2.JPG
Skoda Kodiaq ;8;https://www.avtomaxi.ru/upload/resize_cache/iblock/555/498_374_1/555cab6342504f11f438b05c6cec51e5.JPG
Skoda Kodiaq ;9;https://www.avtomaxi.ru/upload/resize_cache/iblock/4a2/498_374_1/4a2d549723d070d9f02a7ab59e759076.JPG
Skoda Kodiaq ;10;https://www.avtomaxi.ru/upload/resize_cache/iblock/5f0/498_374_1/5f0087579706b79f9c9876b5feab5e66.JPG
Skoda Kodiaq ;11;https://www.avtomaxi.ru/upload/resize_cache/iblock/783/498_374_1/78398188a7e89ad33a945408e777e687.JPG
Skoda Kodiaq ;12;https://www.avtomaxi.ru/upload/resize_cache/iblock/f9f/498_374_1/f9fe573f66b9d9c4549544ca2e47d991.JPG
Mercedes CLA 200 Sport 2020 ;1;https://www.avtomaxi.ru/upload/resize_cache/iblock/f82/498_374_1/f825ff0a4e434cb3b5644b5ac419c908.JPG
Mercedes CLA 200 Sport 2020 ;2;https://www.avtomaxi.ru/upload/resize_cache/iblock/1ee/498_374_1/1ee72376d1f1dbe51ccc8999502b3d4f.jpg
Mercedes CLA 200 Sport 2020 ;3;https://www.avtomaxi.ru/upload/resize_cache/iblock/450/498_374_1/450d16d705a30b36f241b110d234af11.jpg
Mercedes CLA 200 Sport 2020 ;4;https://www.avtomaxi.ru/upload/resize_cache/iblock/4b8/498_374_1/4b81016ecfae62d3536c8e59feab0a67.jpg
Mercedes CLA 200 Sport 2020 ;5;https://www.avtomaxi.ru/upload/resize_cache/iblock/2b0/498_374_1/2b09d91e54017465d1073219f294984f.jpg
Mercedes CLA 200 Sport 2020 ;6;https://www.avtomaxi.ru/upload/resize_cache/iblock/597/498_374_1/5978595f3a701409e7aa14cddc38ad34.jpg
Mercedes CLA 200 Sport 2020 ;7;https://www.avtomaxi.ru/upload/resize_cache/iblock/db8/498_374_1/db8d5b58f2fbab50a575dbfb4348cb02.jpg
Mercedes CLA 200 Sport 2020 ;8;https://www.avtomaxi.ru/upload/resize_cache/iblock/c69/498_374_1/c691d42ad60141b05e1325d8426ff0ea.JPG
Mercedes CLA 200 Sport 2020 ;9;https://www.avtomaxi.ru/upload/resize_cache/iblock/437/498_374_1/437479e13516e738bc21548aa3a2ded5.JPG
Mercedes CLA 200 Sport 2020 ;10;https://www.avtomaxi.ru/upload/resize_cache/iblock/7ea/498_374_1/7ea8f76f544ebf80977c39a6ae117c2c.JPG
Mercedes CLA 200 Sport 2020 ;11;https://www.avtomaxi.ru/upload/resize_cache/iblock/1da/498_374_1/1dad80076937d07d521aa1e5bd707f53.JPG
Mercedes CLA 200 Sport 2020 ;12;https://www.avtomaxi.ru/upload/resize_cache/iblock/719/498_374_1/719408ab9aa50f99c7cd31185c00d8e3.jpg
Mercedes CLA 200 Sport 2020 ;13;https://www.avtomaxi.ru/upload/resize_cache/iblock/467/498_374_1/467e3b9ebc11b9e5d4d2721465370417.jpg
Mercedes E-class ;1;https://www.avtomaxi.ru/upload/resize_cache/iblock/0d6/498_374_1/0d677ed243b7be3c5fce3d9aa08ea180.jpg
Mercedes E-class ;2;https://www.avtomaxi.ru/upload/resize_cache/iblock/703/498_374_1/703577a21e4fe212fd607ae5cadd2de4.jpg
Mercedes E-class ;3;https://www.avtomaxi.ru/upload/resize_cache/iblock/8c1/498_374_1/8c14b3ec26d1dfbc734188cc51524a6d.jpg
Mercedes E-class ;4;https://www.avtomaxi.ru/upload/resize_cache/iblock/b92/498_374_1/b92a7e871ffbb8a95472aaa294df9b30.jpg
Mercedes E-class ;5;https://www.avtomaxi.ru/upload/resize_cache/iblock/432/498_374_1/4326f66465f3727e6ffbb3ca8d89f7d1.jpg
Mercedes E-class ;6;https://www.avtomaxi.ru/upload/resize_cache/iblock/39c/498_374_1/39cf8467002eb813b6fcc0bdaa3246a5.jpg
Mercedes E-class ;7;https://www.avtomaxi.ru/upload/resize_cache/iblock/65c/498_374_1/65c4a1ef77ae0bd94b850b8940ea72a5.jpg
Mercedes E-class ;8;https://www.avtomaxi.ru/upload/resize_cache/iblock/d35/498_374_1/d35c1166cfd56228019f61ba9d8ce874.jpg
Mercedes E-class ;9;https://www.avtomaxi.ru/upload/resize_cache/iblock/d82/498_374_1/d82730d9b1a57071b8190224f6682da2.jpg
Mercedes E-class ;10;https://www.avtomaxi.ru/upload/resize_cache/iblock/32d/498_374_1/32de1d3a7d4d304d5bbd356926c6c0a2.jpg
Mercedes E-class ;11;https://www.avtomaxi.ru/upload/resize_cache/iblock/08f/498_374_1/08fff1e636d7f17e46dfad65fd551fbb.jpg
Mercedes E-class ;12;https://www.avtomaxi.ru/upload/resize_cache/iblock/144/498_374_1/1448cc8f0dd19213f60248b9a7964cea.jpg
BMW 520 G30 ;1;https://www.avtomaxi.ru/upload/resize_cache/iblock/a39/498_374_1/a39e3f0c58d0d32aee3318fe30d3964f.JPG
BMW 520 G30 ;2;https://www.avtomaxi.ru/upload/resize_cache/iblock/3a0/498_374_1/3a0854126e94973cb6524bc785983dbe.JPG
BMW 520 G30 ;3;https://www.avtomaxi.ru/upload/resize_cache/iblock/8c3/498_374_1/8c363e52f419571e3373304324748c68.JPG
BMW 520 G30 ;4;https://www.avtomaxi.ru/upload/resize_cache/iblock/ce2/498_374_1/ce2a3d6776c088cfa8dc6cdadec9a40e.JPG
BMW 520 G30 ;5;https://www.avtomaxi.ru/upload/resize_cache/iblock/fcc/498_374_1/fcc3134b6eea9271ea38be1e3d28cc76.JPG
BMW 520 G30 ;6;https://www.avtomaxi.ru/upload/resize_cache/iblock/fbc/498_374_1/fbc1ab3cc3eac45499876acba742396d.JPG
BMW 520 G30 ;7;https://www.avtomaxi.ru/upload/resize_cache/iblock/ab5/498_374_1/ab5a0acf06dc4e4695aedf187eaa794e.JPG
BMW 520 G30 ;8;https://www.avtomaxi.ru/upload/resize_cache/iblock/15e/498_374_1/15e5a83a0a799f2a0c41ef205f971f18.JPG
BMW 520 G30 ;9;https://www.avtomaxi.ru/upload/resize_cache/iblock/b5f/498_374_1/b5f1d3bb94f053703220915f09fa771c.JPG
BMW 520 G30 ;10;https://www.avtomaxi.ru/upload/resize_cache/iblock/83c/498_374_1/83c0c03808671efbea90c3e93c501863.JPG
BMW 520 G30 ;11;https://www.avtomaxi.ru/upload/resize_cache/iblock/5c7/498_374_1/5c78a4b2ae731bf46f1a85970d0ab8d4.JPG
BMW 520 G30 ;12;https://www.avtomaxi.ru/upload/resize_cache/iblock/8f4/498_374_1/8f465aad6cec78be6297d058a1b724ad.png
BMW 520 G30 ;13;https://www.avtomaxi.ru/upload/resize_cache/iblock/017/498_374_1/01798c22d62683355a8bbee1cc27f0b8.JPG
BMW 520d X-Drive G30 ;1;https://www.avtomaxi.ru/upload/resize_cache/iblock/29e/498_374_1/29e36372c05de5f53ce561e303636896.jpg
BMW 520d X-Drive G30 ;2;https://www.avtomaxi.ru/upload/resize_cache/iblock/680/498_374_1/680220039c6225e2b2c4e060ff595967.JPG
BMW 520d X-Drive G30 ;3;https://www.avtomaxi.ru/upload/resize_cache/iblock/ddd/498_374_1/ddd44b4e9957e42cabef5f35194e2fdc.jpg
BMW 520d X-Drive G30 ;4;https://www.avtomaxi.ru/upload/resize_cache/iblock/c29/498_374_1/c29f976c3871205ef43fc02eee58b200.JPG
BMW 520d X-Drive G30 ;5;https://www.avtomaxi.ru/upload/resize_cache/iblock/313/498_374_1/313e0ed8ee62100e596e63858d3668a5.JPG
BMW 520d X-Drive G30 ;6;https://www.avtomaxi.ru/upload/resize_cache/iblock/32e/498_374_1/32e07eba54a809cf20325c16ad9012b0.JPG
BMW 520d X-Drive G30 ;7;https://www.avtomaxi.ru/upload/resize_cache/iblock/add/498_374_1/addb788534ee8329b934bbbc2d06dfa1.jpg
BMW 520d X-Drive G30 ;8;https://www.avtomaxi.ru/upload/resize_cache/iblock/2d1/498_374_1/2d125a2b43281bbe15bb743baefa302f.JPG
BMW 520d X-Drive G30 ;9;https://www.avtomaxi.ru/upload/resize_cache/iblock/70d/498_374_1/70dac5c4ede3a349429bf348f0d17860.jpg
BMW 520d X-Drive G30 ;10;https://www.avtomaxi.ru/upload/resize_cache/iblock/9f7/498_374_1/9f70a51e7f7331e40dac29896102f199.JPG
BMW 520d X-Drive G30 ;11;https://www.avtomaxi.ru/upload/resize_cache/iblock/151/498_374_1/15199407f06a0f9dd081ede627379eea.JPG
BMW 520d X-Drive G30 ;12;https://www.avtomaxi.ru/upload/resize_cache/iblock/788/498_374_1/788da6d26da0fae95d47fb07bc566181.JPG
Volkswagen Caravelle L2 ;1;https://www.avtomaxi.ru/upload/resize_cache/iblock/459/498_374_1/459d5464a8d3319408eae59b106278e6.jpg
Volkswagen Caravelle L2 ;2;https://www.avtomaxi.ru/upload/resize_cache/iblock/117/498_374_1/1171f2329b84ae8ccbaee01a2e0ca3fe.JPG
Volkswagen Caravelle L2 ;3;https://www.avtomaxi.ru/upload/resize_cache/iblock/ece/498_374_1/ece01d0cb3e4797f2fe56ae9df640ae4.jpg
Volkswagen Caravelle L2 ;4;https://www.avtomaxi.ru/upload/resize_cache/iblock/e17/498_374_1/e17e6a6fdc53db07a29b6a0d05398ce5.JPG
Volkswagen Caravelle L2 ;5;https://www.avtomaxi.ru/upload/resize_cache/iblock/056/498_374_1/05611473546940e7cacc85b9e6ca41b5.JPG
Volkswagen Caravelle L2 ;6;https://www.avtomaxi.ru/upload/resize_cache/iblock/1bb/498_374_1/1bb7e28219dd43d00a2d9152762503c5.JPG
Volkswagen Caravelle L2 ;7;https://www.avtomaxi.ru/upload/resize_cache/iblock/8f2/498_374_1/8f29b9da73d2d074776e5267d094341e.JPG
Volkswagen Caravelle L2 ;8;https://www.avtomaxi.ru/upload/resize_cache/iblock/0c4/498_374_1/0c4b9f39a6cceb6d98c478b5e8eb7e25.JPG
Volkswagen Caravelle L2 ;9;https://www.avtomaxi.ru/upload/resize_cache/iblock/ee2/498_374_1/ee258c3da8ae6dc7304854fd1d9177d4.JPG
Volkswagen Caravelle L2 ;10;https://www.avtomaxi.ru/upload/resize_cache/iblock/370/498_374_1/37074ffc362533e41c3fb9eaafd806d0.JPG
Volkswagen Caravelle L2 ;11;https://www.avtomaxi.ru/upload/resize_cache/iblock/b9a/498_374_1/b9aa9b1842095dacf2d71cbb1379c6e0.JPG
Volkswagen Caravelle L2 ;12;https://www.avtomaxi.ru/upload/resize_cache/iblock/307/498_374_1/307e63ed46a0ea06d2eb52707db9d4c6.JPG
Toyota Land Cruiser Prado Style ;1;https://www.avtomaxi.ru/upload/resize_cache/iblock/d41/498_374_1/d41a9307f80a67865df38ad1296444f8.jpg
Toyota Land Cruiser Prado Style ;2;https://www.avtomaxi.ru/upload/resize_cache/iblock/e67/498_374_1/e674bb71250c77601215063305b65b43.jpg
Toyota Land Cruiser Prado Style ;3;https://www.avtomaxi.ru/upload/resize_cache/iblock/d73/498_374_1/d7368703543f8d4fbd61de84e0319d0b.jpg
Toyota Land Cruiser Prado Style ;4;https://www.avtomaxi.ru/upload/resize_cache/iblock/533/498_374_1/5331d985a61e2430fe19ae0426b1dcbc.jpg
Toyota Land Cruiser Prado Style ;5;https://www.avtomaxi.ru/upload/resize_cache/iblock/fcf/498_374_1/fcf691bcb8c8e37a1396a80aeec53ab6.jpg
Toyota Land Cruiser Prado Style ;6;https://www.avtomaxi.ru/upload/resize_cache/iblock/91c/498_374_1/91c271b6f2edd35f742b2ef6e2f9845e.jpg
Toyota Land Cruiser Prado Style ;7;https://www.avtomaxi.ru/upload/resize_cache/iblock/ecf/498_374_1/ecfc4276066e97dec0a4ae999e02583a.jpg
Toyota Land Cruiser Prado Style ;8;https://www.avtomaxi.ru/upload/resize_cache/iblock/b33/498_374_1/b33b1cbd30904c2fc62201703146bd92.jpg
Toyota Land Cruiser Prado Style ;9;https://www.avtomaxi.ru/upload/resize_cache/iblock/95f/498_374_1/95fa964a37c42d443bce6f648a710146.jpg
Toyota Land Cruiser Prado Style ;10;https://www.avtomaxi.ru/upload/resize_cache/iblock/beb/498_374_1/bebf4f9a0c21e0e63dcd311a98d8c636.jpg
Mercedes E220d 4MATIC AMG rest. ;1;https://www.avtomaxi.ru/upload/resize_cache/iblock/3f3/498_374_1/3f3caaa7d6f94cc85dd2f8e17bfa7b83.JPG
Mercedes E220d 4MATIC AMG rest. ;2;https://www.avtomaxi.ru/upload/resize_cache/iblock/20c/498_374_1/20c435cd40e7dc768324d04a8d69d9b6.JPG
Mercedes E220d 4MATIC AMG rest. ;3;https://www.avtomaxi.ru/upload/resize_cache/iblock/1df/498_374_1/1df1c0d7426b285451f3877b9e4eec1f.JPG
Mercedes E220d 4MATIC AMG rest. ;4;https://www.avtomaxi.ru/upload/resize_cache/iblock/d98/498_374_1/d985e262761d030eaa9b8ad8ad8354ba.JPG
Mercedes E220d 4MATIC AMG rest. ;5;https://www.avtomaxi.ru/upload/resize_cache/iblock/b57/498_374_1/b57fb49bffa134b6b3a426f9db173e34.JPG
Mercedes E220d 4MATIC AMG rest. ;6;https://www.avtomaxi.ru/upload/resize_cache/iblock/9f6/498_374_1/9f6412ad63a618eb48a128b6cab79ee0.JPG
Mercedes E220d 4MATIC AMG rest. ;7;https://www.avtomaxi.ru/upload/resize_cache/iblock/5a8/498_374_1/5a8bfa0019e8de2b2718bef0a9cde0b7.JPG
Mercedes E220d 4MATIC AMG rest. ;8;https://www.avtomaxi.ru/upload/resize_cache/iblock/de0/498_374_1/de0e8ffd9bfbda465be638560b15289a.JPG
Mercedes E220d 4MATIC AMG rest. ;9;https://www.avtomaxi.ru/upload/resize_cache/iblock/da9/498_374_1/da9000f9f2602cc4a9f190a2b3f901b0.JPG
Mercedes E220d 4MATIC AMG rest. ;10;https://www.avtomaxi.ru/upload/resize_cache/iblock/4a5/498_374_1/4a5af824504ece4fab36dce14bcedbcb.JPG
Mercedes E220d 4MATIC AMG rest. ;11;https://www.avtomaxi.ru/upload/resize_cache/iblock/1cd/498_374_1/1cd73d0f8ba8132e6c15dcf07bef62c1.JPG
Mercedes E220d 4MATIC AMG rest. ;12;https://www.avtomaxi.ru/upload/resize_cache/iblock/d9b/498_374_1/d9b1b114bfa3fdc9ed70041b6a7ebffe.JPG
Mercedes E220d 4MATIC AMG rest. ;13;https://www.avtomaxi.ru/upload/resize_cache/iblock/730/498_374_1/730759f1c4cae6288d29d0c98dd19f72.JPG
Mercedes E220d 4MATIC AMG rest. ;14;https://www.avtomaxi.ru/upload/resize_cache/iblock/ae0/498_374_1/ae06ceba59d3aebd7f043b707904e6e8.JPG
Mercedes E220d 4MATIC AMG rest. ;15;https://www.avtomaxi.ru/upload/resize_cache/iblock/9fc/498_374_1/9fcb45eab0842b25f24d5cdc13c17468.JPG
Mercedes V class Avangard ;1;https://www.avtomaxi.ru/upload/resize_cache/iblock/868/498_374_1/868fa3451c538c67839bb6bbcb9eb4ea.jpg
Mercedes V class Avangard ;2;https://www.avtomaxi.ru/upload/resize_cache/iblock/2d6/498_374_1/IMG_8606.JPG
Mercedes V class Avangard ;3;https://www.avtomaxi.ru/upload/resize_cache/iblock/be0/498_374_1/be06820963dda50ee32df9ae76a0f66a.jpg
Mercedes V class Avangard ;4;https://www.avtomaxi.ru/upload/resize_cache/iblock/e0c/498_374_1/IMG_8608.JPG
Mercedes V class Avangard ;5;https://www.avtomaxi.ru/upload/resize_cache/iblock/e19/498_374_1/IMG_8577.JPG
Mercedes V class Avangard ;6;https://www.avtomaxi.ru/upload/resize_cache/iblock/435/498_374_1/IMG_8585.JPG
Mercedes V class Avangard ;7;https://www.avtomaxi.ru/upload/resize_cache/iblock/fd1/498_374_1/IMG_8588.JPG
Mercedes V class Avangard ;8;https://www.avtomaxi.ru/upload/resize_cache/iblock/d29/498_374_1/IMG_8667.JPG
Mercedes V class Avangard ;9;https://www.avtomaxi.ru/upload/resize_cache/iblock/e8d/498_374_1/IMG_8609.JPG
Mercedes V class Avangard ;10;https://www.avtomaxi.ru/upload/resize_cache/iblock/a5c/498_374_1/IMG_8611.JPG
Mercedes V class Avangard ;11;https://www.avtomaxi.ru/upload/resize_cache/iblock/0ca/498_374_1/IMG_8668.JPG
Mercedes V class Avangard ;12;https://www.avtomaxi.ru/upload/resize_cache/iblock/d4b/498_374_1/IMG_8659.JPG
Mercedes GLE W167 ;1;https://www.avtomaxi.ru/upload/resize_cache/iblock/f27/498_374_1/f27510d093b85be1753672790a17a69b.jpg
Mercedes GLE W167 ;2;https://www.avtomaxi.ru/upload/resize_cache/iblock/094/498_374_1/0948a8bda2b5a61cdf9118e3516ccc4c.jpg
Mercedes GLE W167 ;3;https://www.avtomaxi.ru/upload/resize_cache/iblock/eb6/498_374_1/eb6acea962c39b1029d2cc50262645d1.jpg
Mercedes GLE W167 ;4;https://www.avtomaxi.ru/upload/resize_cache/iblock/2c3/498_374_1/2c34c672d87406f4da0d0b4057e41af4.jpg
Mercedes GLE W167 ;5;https://www.avtomaxi.ru/upload/resize_cache/iblock/ddd/498_374_1/ddd90e6f553f7961c2d581960624a038.jpg
Mercedes GLE W167 ;6;https://www.avtomaxi.ru/upload/resize_cache/iblock/ef8/498_374_1/ef8c4cf45ada571b07464ba1518fc3e5.jpg
Mercedes GLE W167 ;7;https://www.avtomaxi.ru/upload/resize_cache/iblock/38c/498_374_1/38c4d80c79f5726196f749d68778dab5.jpg
Mercedes GLE W167 ;8;https://www.avtomaxi.ru/upload/resize_cache/iblock/40b/498_374_1/40be9b99c0ac4e7393727951695561d5.jpg
Mercedes GLE W167 ;9;https://www.avtomaxi.ru/upload/resize_cache/iblock/c2d/498_374_1/c2d3fb0652c7019baccec6b058bc9932.jpg
Mercedes GLE W167 ;10;https://www.avtomaxi.ru/upload/resize_cache/iblock/719/498_374_1/71945482c7e9b5a6645f914f0f9e5ac4.jpg
Mercedes GLE W167 ;11;https://www.avtomaxi.ru/upload/resize_cache/iblock/b27/498_374_1/b275b9394542eb99efc60d2d5c200d36.jpg
Mercedes GLE W167 ;12;https://www.avtomaxi.ru/upload/resize_cache/iblock/245/498_374_1/245f0e593c50f27999707e3932dded7b.jpg
Mercedes S W222 rest.2018 ;1;https://www.avtomaxi.ru/upload/resize_cache/iblock/d86/498_374_1/d86f30738ae9c2b6c64afc291012f2d9.JPG
Mercedes S W222 rest.2018 ;2;https://www.avtomaxi.ru/upload/resize_cache/iblock/e7e/498_374_1/e7e5b538b485110e83266da85897713b.jpg
Mercedes S W222 rest.2018 ;3;https://www.avtomaxi.ru/upload/resize_cache/iblock/799/498_374_1/799ee8b66bab1326713ab8b03f356c66.JPG
Mercedes S W222 rest.2018 ;4;https://www.avtomaxi.ru/upload/resize_cache/iblock/bd5/498_374_1/bd5d72a4a6b95c43b09ed81b19cd1d95.JPG
Mercedes S W222 rest.2018 ;5;https://www.avtomaxi.ru/upload/resize_cache/iblock/404/498_374_1/404f8b5aa0c1117b0f687a1fa765677d.JPG
Mercedes S W222 rest.2018 ;6;https://www.avtomaxi.ru/upload/resize_cache/iblock/cd5/498_374_1/cd52d60191a7a1e4b02a01ca34395837.JPG
Mercedes S W222 rest.2018 ;7;https://www.avtomaxi.ru/upload/resize_cache/iblock/7d4/498_374_1/7d4138a7aa748033c4b87e44eb58502c.JPG
Mercedes S W222 rest.2018 ;8;https://www.avtomaxi.ru/upload/resize_cache/iblock/623/498_374_1/623850c2acc072f5830d98d8a10f3ba0.JPG
Mercedes S W222 rest.2018 ;9;https://www.avtomaxi.ru/upload/resize_cache/iblock/44b/498_374_1/44b5941a293bf5e9835b0146f2a6efc2.JPG
Mercedes GLS  ;1;https://www.avtomaxi.ru/upload/resize_cache/iblock/0c8/498_374_1/0c817951a71b6191659fad60dca834b6.jpg
Mercedes GLS  ;2;https://www.avtomaxi.ru/upload/resize_cache/iblock/415/498_374_1/4153768af0793d3b0cfd550325a95cf7.jpg
Mercedes GLS  ;3;https://www.avtomaxi.ru/upload/resize_cache/iblock/4e5/498_374_1/4e5fd2afcd3d4aaedd7beb7e8d8be758.jpg
Mercedes GLS  ;4;https://www.avtomaxi.ru/upload/resize_cache/iblock/2fa/498_374_1/2fa55c053b595210ce9685e5441da3ef.jpg
Mercedes GLS  ;5;https://www.avtomaxi.ru/upload/resize_cache/iblock/771/498_374_1/7715c476adbd8f68e23f10e421a28bd9.jpg
Mercedes GLS  ;6;https://www.avtomaxi.ru/upload/resize_cache/iblock/abf/498_374_1/abf15141f0e733c2afba2dc49a47c81a.jpg
Mercedes GLS  ;7;https://www.avtomaxi.ru/upload/resize_cache/iblock/b66/498_374_1/b6672767b442da91d5cda52bfadecf59.jpg
BMW X6 30d G06 ;1;https://www.avtomaxi.ru/upload/resize_cache/iblock/b33/498_374_1/b33819968bb5b9435d8b423ba26ed6c5.jpg
BMW X6 30d G06 ;2;https://www.avtomaxi.ru/upload/resize_cache/iblock/b3f/498_374_1/b3fa0c3559bcacbb76fb79b156b71241.jpg
BMW X6 30d G06 ;3;https://www.avtomaxi.ru/upload/resize_cache/iblock/b08/498_374_1/b0803f224afae6a9e6c7ffdaad0b98f5.jpg
BMW X6 30d G06 ;4;https://www.avtomaxi.ru/upload/resize_cache/iblock/e0c/498_374_1/e0c3157a367622e25dae9e9f32648fcc.jpg
BMW X6 30d G06 ;5;https://www.avtomaxi.ru/upload/resize_cache/iblock/651/498_374_1/6511f1d310cc3f325cd07d3667944f71.jpg
BMW X6 30d G06 ;6;https://www.avtomaxi.ru/upload/resize_cache/iblock/4cb/498_374_1/4cb49bbd18659b3cfd2868329b9ffc5f.jpg
BMW X6 30d G06 ;7;https://www.avtomaxi.ru/upload/resize_cache/iblock/0e2/498_374_1/0e2cb9084ab374b9928c271b8b885f4f.jpg
BMW X6 30d G06 ;8;https://www.avtomaxi.ru/upload/resize_cache/iblock/6ae/498_374_1/6aece974676d80fd823289c8ed29ece4.jpg
BMW X6 30d G06 ;9;https://www.avtomaxi.ru/upload/resize_cache/iblock/ac1/498_374_1/ac134b36e54a6fff126b4d504d2698bc.jpg
BMW X6 30d G06 ;10;https://www.avtomaxi.ru/upload/resize_cache/iblock/012/498_374_1/0121178011e32be31c1d1235934fd3c3.jpg
BMW X6 30d G06 ;11;https://www.avtomaxi.ru/upload/resize_cache/iblock/66a/498_374_1/66a15c2250cff651f4a2dc1fb4340602.jpg
BMW X6 30d G06 ;12;https://www.avtomaxi.ru/upload/resize_cache/iblock/210/498_374_1/210f92450932d47d35d0c0bedb7a75c5.jpg
Mercedes S W222 rest.2019 ;1;https://www.avtomaxi.ru/upload/resize_cache/iblock/781/498_374_1/7818221d66c47d88487d80f19c56439a.JPG
Mercedes S W222 rest.2019 ;2;https://www.avtomaxi.ru/upload/resize_cache/iblock/22f/498_374_1/22f23ab393867d1730d2d5bc8ff5cda2.JPG
Mercedes S W222 rest.2019 ;3;https://www.avtomaxi.ru/upload/resize_cache/iblock/603/498_374_1/6039009c283f10ed9636cab54b8d2731.JPG
Mercedes S W222 rest.2019 ;4;https://www.avtomaxi.ru/upload/resize_cache/iblock/87b/498_374_1/87baaf7a66a04a81d003c3b9f3f3df5a.jpg
Mercedes S W222 rest.2019 ;5;https://www.avtomaxi.ru/upload/resize_cache/iblock/9aa/498_374_1/9aac87f571639fd243a560ac79ad6f40.JPG
Mercedes S W222 rest.2019 ;6;https://www.avtomaxi.ru/upload/resize_cache/iblock/e1f/498_374_1/e1faa18556ecaa1323acfa53c63a1b6d.JPG
Mercedes S W222 rest.2019 ;7;https://www.avtomaxi.ru/upload/resize_cache/iblock/a7f/498_374_1/a7f4a83ff4817cd7849f7a89c3e1a74e.JPG
Mercedes S W222 rest.2019 ;8;https://www.avtomaxi.ru/upload/resize_cache/iblock/c0a/498_374_1/c0a61eaf02e3151124c8300b4eb2c9b7.JPG
Mercedes S W222 rest.2019 ;9;https://www.avtomaxi.ru/upload/resize_cache/iblock/2aa/498_374_1/2aa13a1c9fad38e31ec0ea5b34cc4015.JPG
Mercedes S W222 rest.2019 ;10;https://www.avtomaxi.ru/upload/resize_cache/iblock/4ff/498_374_1/4ffbd3da4280ab0557937dbf8ab8525b.JPG
Mercedes S W222 rest.2019 ;11;https://www.avtomaxi.ru/upload/resize_cache/iblock/1bd/498_374_1/1bd9d1382c2eca3bfbf0dc19d2a70894.JPG
BMW X7 M Sport Pro ;1;https://www.avtomaxi.ru/upload/resize_cache/iblock/60a/498_374_1/60a1bfa449ebcc04c55410ca02b5d21a.JPG
BMW X7 M Sport Pro ;2;https://www.avtomaxi.ru/upload/resize_cache/iblock/960/498_374_1/9601f143308781365b9933fcb23b347f.JPG
BMW X7 M Sport Pro ;3;https://www.avtomaxi.ru/upload/resize_cache/iblock/c1f/498_374_1/c1f8940258a4dd2f4d4bfd034029a5d8.JPG
BMW X7 M Sport Pro ;4;https://www.avtomaxi.ru/upload/resize_cache/iblock/1b9/498_374_1/1b9c51fb154e36a12c31da837a12fe25.JPG
BMW X7 M Sport Pro ;5;https://www.avtomaxi.ru/upload/resize_cache/iblock/a78/498_374_1/a7855d296f3a22ed4cf00f6b7098d570.JPG
BMW X7 M Sport Pro ;6;https://www.avtomaxi.ru/upload/resize_cache/iblock/12b/498_374_1/12baeda5ca06a8bece2d4f76c0ce8f65.JPG
BMW X7 M Sport Pro ;7;https://www.avtomaxi.ru/upload/resize_cache/iblock/491/498_374_1/491df75e4ab222270a4180e78d3fbcf3.JPG
BMW X7 M Sport Pro ;8;https://www.avtomaxi.ru/upload/resize_cache/iblock/84d/498_374_1/84debcebc3b0ec152cb00ffa92b33dc9.JPG
BMW X7 M Sport Pro ;9;https://www.avtomaxi.ru/upload/resize_cache/iblock/09e/498_374_1/09edd67a985bdc42f7b81c87fd273353.JPG
BMW X7 M Sport Pro ;10;https://www.avtomaxi.ru/upload/resize_cache/iblock/fcd/498_374_1/fcdb9566e722a5c2e29044491852b248.JPG
BMW X7 M Sport Pro ;11;https://www.avtomaxi.ru/upload/resize_cache/iblock/09c/498_374_1/09c4401b5fb410674ad55b120ae0338f.JPG
BMW X7 M Sport Pro ;12;https://www.avtomaxi.ru/upload/resize_cache/iblock/24e/498_374_1/24e20dc0900f74944159ccbba43a8f4b.JPG
BMW X7 M Sport Pro ;13;https://www.avtomaxi.ru/upload/resize_cache/iblock/694/498_374_1/69428d639f3fd77daf5dfb049cd1447a.JPG
BMW X7 M Sport Pro ;14;https://www.avtomaxi.ru/upload/resize_cache/iblock/7aa/498_374_1/7aa24d9eef109b7238d9087ff9ed6ea7.JPG
BMW X7 M Sport Pro ;15;https://www.avtomaxi.ru/upload/resize_cache/iblock/a49/498_374_1/a4987c2e312e9c3f50b28d7d0d3fd928.JPG
Mercedes-Benz Maybach S rest.2019 ;1;https://www.avtomaxi.ru/upload/resize_cache/iblock/49e/498_374_1/49ec6df64f09188500ff3fe427375f62.jpg
Mercedes-Benz Maybach S rest.2019 ;2;https://www.avtomaxi.ru/upload/resize_cache/iblock/d7c/498_374_1/d7c2b0b2389a458570ae69087c2aaf9c.JPG
Mercedes-Benz Maybach S rest.2019 ;3;https://www.avtomaxi.ru/upload/resize_cache/iblock/8ab/498_374_1/8abfd767079103e267ec709cf0dd9c27.jpg
Mercedes-Benz Maybach S rest.2019 ;4;https://www.avtomaxi.ru/upload/resize_cache/iblock/f8a/498_374_1/f8a68c38abbb3da241b638ddeeabb8b1.JPG
Mercedes-Benz Maybach S rest.2019 ;5;https://www.avtomaxi.ru/upload/resize_cache/iblock/eb9/498_374_1/eb9f6cf6cd8239e17ab093c82475cc89.JPG
Mercedes-Benz Maybach S rest.2019 ;6;https://www.avtomaxi.ru/upload/resize_cache/iblock/226/498_374_1/2267552c1c07b9bd0dea67a076c16b4a.JPG
Mercedes-Benz Maybach S rest.2019 ;7;https://www.avtomaxi.ru/upload/resize_cache/iblock/7a6/498_374_1/7a615f6a4fc6b95b3b134f40df472170.JPG
Mercedes-Benz Maybach S rest.2019 ;8;https://www.avtomaxi.ru/upload/resize_cache/iblock/a2b/498_374_1/a2b3d3ace4633b28bd6398d66ff8257b.JPG
Mercedes-Benz Maybach S rest.2019 ;9;https://www.avtomaxi.ru/upload/resize_cache/iblock/31a/498_374_1/31a0d15b0a2109664a0964823aacf672.JPG
Mercedes-Benz Maybach S rest.2019 ;10;https://www.avtomaxi.ru/upload/resize_cache/iblock/5d1/498_374_1/5d182edecd5bd129d833d73b1a496137.JPG
Mercedes-Benz Maybach S rest.2019 ;11;https://www.avtomaxi.ru/upload/resize_cache/iblock/627/498_374_1/627e1ab53c124c7d41efea1e0a76666c.jpg
Mercedes-Benz Maybach S rest.2019 ;12;https://www.avtomaxi.ru/upload/resize_cache/iblock/b53/498_374_1/b5355be9784ff5f25a475ad86925d0f0.jpg
Mercedes-Benz Maybach S rest.2019 ;13;https://www.avtomaxi.ru/upload/resize_cache/iblock/2df/498_374_1/2dffec05c5b1352d0c5edfedde916053.jpg
Mercedes-Benz Maybach S rest.2019 ;14;https://www.avtomaxi.ru/upload/resize_cache/iblock/2e1/498_374_1/2e16137cd9d8446abf0870a316c0c772.jpg
Mercedes-Benz Maybach S rest.2019 ;15;https://www.avtomaxi.ru/upload/resize_cache/iblock/ea8/498_374_1/ea8704a4f17e1536ad79ae846ec5c76e.JPG
